bin,packets,z_score,state
0.0,8,0.9001061453910805,baseline
30.0,2,-0.6404194871859715,idle
50.0,6,0.3865976011987298,baseline
60.0,2,-0.6404194871859715,idle
90.0,3,-0.3836652150897962,baseline
100.0,8,0.9001061453910805,baseline
120.0,2,-0.6404194871859715,idle
150.0,2,-0.6404194871859715,idle
160.0,6,0.3865976011987298,baseline
180.0,4,-0.12691094299362085,baseline
210.0,3,-0.3836652150897962,baseline
220.0,6,0.3865976011987298,baseline
240.0,2,-0.6404194871859715,idle
270.0,8,0.9001061453910805,baseline
300.0,2,-0.6404194871859715,idle
330.0,9,1.1568604174872559,baseline
360.0,2,-0.6404194871859715,idle
380.0,6,0.3865976011987298,baseline
390.0,2,-0.6404194871859715,idle
420.0,2,-0.6404194871859715,idle
440.0,6,0.3865976011987298,baseline
450.0,3,-0.3836652150897962,baseline
480.0,2,-0.6404194871859715,idle
490.0,6,0.3865976011987298,baseline
510.0,2,-0.6404194871859715,idle
540.0,2,-0.6404194871859715,idle
550.0,6,0.3865976011987298,baseline
570.0,3,-0.3836652150897962,baseline
600.0,8,0.9001061453910805,baseline
630.0,12,1.9271232337757818,burst
660.0,8,0.9001061453910805,baseline
690.0,3,-0.3836652150897962,baseline
710.0,6,0.3865976011987298,baseline
720.0,2,-0.6404194871859715,idle
750.0,2,-0.6404194871859715,idle
770.0,6,0.3865976011987298,baseline
780.0,2,-0.6404194871859715,idle
810.0,3,-0.3836652150897962,baseline
820.0,6,0.3865976011987298,baseline
840.0,2,-0.6404194871859715,idle
870.0,8,0.9001061453910805,baseline
880.0,2,-0.6404194871859715,idle
900.0,2,-0.6404194871859715,idle
930.0,9,1.1568604174872559,baseline
960.0,2,-0.6404194871859715,idle
980.0,8,0.9001061453910805,baseline
990.0,2,-0.6404194871859715,idle
1020.0,2,-0.6404194871859715,idle
1040.0,6,0.3865976011987298,baseline
1050.0,3,-0.3836652150897962,baseline
1080.0,2,-0.6404194871859715,idle
1090.0,6,0.3865976011987298,baseline
1110.0,2,-0.6404194871859715,idle
1140.0,2,-0.6404194871859715,idle
1150.0,8,0.9001061453910805,baseline
1170.0,3,-0.3836652150897962,baseline
1200.0,8,0.9001061453910805,baseline
1220.0,2,-0.6404194871859715,idle
1230.0,2,-0.6404194871859715,idle
1260.0,8,0.9001061453910805,baseline
1290.0,3,-0.3836652150897962,baseline
1310.0,6,0.3865976011987298,baseline
1320.0,2,-0.6404194871859715,idle
1350.0,2,-0.6404194871859715,idle
1360.0,6,0.3865976011987298,baseline
1380.0,2,-0.6404194871859715,idle
1410.0,9,1.1568604174872559,baseline
1440.0,2,-0.6404194871859715,idle
1470.0,8,0.9001061453910805,baseline
1500.0,2,-0.6404194871859715,idle
1520.0,6,0.3865976011987298,baseline
1530.0,11,1.6703689616796065,burst
1560.0,2,-0.6404194871859715,idle
1570.0,6,0.3865976011987298,baseline
1590.0,2,-0.6404194871859715,idle
1620.0,8,0.9001061453910805,baseline
1650.0,3,-0.3836652150897962,baseline
1670.0,6,0.3865976011987298,baseline
1680.0,2,-0.6404194871859715,idle
1710.0,2,-0.6404194871859715,idle
1720.0,6,0.3865976011987298,baseline
1740.0,2,-0.6404194871859715,idle
1770.0,9,1.1568604174872559,baseline
1800.0,2,-0.6404194871859715,idle
1830.0,8,0.9001061453910805,baseline
1860.0,2,-0.6404194871859715,idle
1880.0,6,0.3865976011987298,baseline
1890.0,3,-0.3836652150897962,baseline
1910.0,2,-0.6404194871859715,idle
1920.0,2,-0.6404194871859715,idle
1930.0,6,0.3865976011987298,baseline
1950.0,2,-0.6404194871859715,idle
1980.0,8,0.9001061453910805,baseline
2010.0,3,-0.3836652150897962,baseline
2030.0,6,0.3865976011987298,baseline
2040.0,2,-0.6404194871859715,idle
2070.0,4,-0.12691094299362085,baseline
2090.0,6,0.3865976011987298,baseline
2100.0,2,-0.6404194871859715,idle
2130.0,3,-0.3836652150897962,baseline
2140.0,6,0.3865976011987298,baseline
2160.0,2,-0.6404194871859715,idle
2190.0,8,0.9001061453910805,baseline
2220.0,4,-0.12691094299362085,baseline
2240.0,6,0.3865976011987298,baseline
2250.0,3,-0.3836652150897962,baseline
2280.0,2,-0.6404194871859715,idle
2290.0,8,0.9001061453910805,baseline
2310.0,2,-0.6404194871859715,idle
2340.0,2,-0.6404194871859715,idle
2350.0,6,0.3865976011987298,baseline
2370.0,3,-0.3836652150897962,baseline
2400.0,2,-0.6404194871859715,idle
2410.0,6,0.3865976011987298,baseline
2430.0,10,1.4136146895834312,baseline
2460.0,8,0.9001061453910805,baseline
2490.0,3,-0.3836652150897962,baseline
2520.0,8,0.9001061453910805,baseline
2550.0,2,-0.6404194871859715,idle
2580.0,8,0.9001061453910805,baseline
2610.0,3,-0.3836652150897962,baseline
2630.0,6,0.3865976011987298,baseline
2640.0,2,-0.6404194871859715,idle
2670.0,2,-0.6404194871859715,idle
2690.0,6,0.3865976011987298,baseline
2700.0,2,-0.6404194871859715,idle
2730.0,3,-0.3836652150897962,baseline
2740.0,6,0.3865976011987298,baseline
2760.0,2,-0.6404194871859715,idle
2790.0,8,0.9001061453910805,baseline
2820.0,2,-0.6404194871859715,idle
2850.0,9,1.1568604174872559,baseline
2880.0,2,-0.6404194871859715,idle
2900.0,6,0.3865976011987298,baseline
2910.0,2,-0.6404194871859715,idle
2940.0,2,-0.6404194871859715,idle
2960.0,6,0.3865976011987298,baseline
2970.0,3,-0.3836652150897962,baseline
2990.0,2,-0.6404194871859715,idle
3000.0,2,-0.6404194871859715,idle
3010.0,6,0.3865976011987298,baseline
3030.0,2,-0.6404194871859715,idle
3060.0,2,-0.6404194871859715,idle
3070.0,6,0.3865976011987298,baseline
3090.0,3,-0.3836652150897962,baseline
3110.0,2,-0.6404194871859715,idle
3120.0,8,0.9001061453910805,baseline
3150.0,2,-0.6404194871859715,idle
3180.0,8,0.9001061453910805,baseline
3210.0,3,-0.3836652150897962,baseline
3230.0,6,0.3865976011987298,baseline
3240.0,2,-0.6404194871859715,idle
3270.0,2,-0.6404194871859715,idle
3290.0,2,-0.6404194871859715,idle
3300.0,8,0.9001061453910805,baseline
3320.0,34,7.575717219891639,burst
3330.0,12,1.9271232337757818,burst
3340.0,2,-0.6404194871859715,idle
3350.0,6,0.3865976011987298,baseline
3360.0,2,-0.6404194871859715,idle
3390.0,2,-0.6404194871859715,idle
3410.0,6,0.3865976011987298,baseline
3420.0,2,-0.6404194871859715,idle
3450.0,3,-0.3836652150897962,baseline
3460.0,6,0.3865976011987298,baseline
3480.0,2,-0.6404194871859715,idle
3510.0,2,-0.6404194871859715,idle
3520.0,6,0.3865976011987298,baseline
3540.0,2,-0.6404194871859715,idle
3570.0,3,-0.3836652150897962,baseline
3580.0,6,0.3865976011987298,baseline
3600.0,2,-0.6404194871859715,idle
3630.0,8,0.9001061453910805,baseline
3660.0,2,-0.6404194871859715,idle
3690.0,9,1.1568604174872559,baseline
3720.0,2,-0.6404194871859715,idle
3750.0,8,0.9001061453910805,baseline
3780.0,2,-0.6404194871859715,idle
3800.0,6,0.3865976011987298,baseline
3810.0,3,-0.3836652150897962,baseline
3840.0,2,-0.6404194871859715,idle
3850.0,6,0.3865976011987298,baseline
3870.0,2,-0.6404194871859715,idle
3900.0,2,-0.6404194871859715,idle
3910.0,6,0.3865976011987298,baseline
3930.0,3,-0.3836652150897962,baseline
3960.0,8,0.9001061453910805,baseline
3990.0,2,-0.6404194871859715,idle
4020.0,8,0.9001061453910805,baseline
4050.0,3,-0.3836652150897962,baseline
4070.0,8,0.9001061453910805,baseline
4080.0,2,-0.6404194871859715,idle
4110.0,2,-0.6404194871859715,idle
4130.0,6,0.3865976011987298,baseline
4140.0,2,-0.6404194871859715,idle
4170.0,3,-0.3836652150897962,baseline
4180.0,6,0.3865976011987298,baseline
4200.0,2,-0.6404194871859715,idle
4230.0,12,1.9271232337757818,burst
4240.0,6,0.3865976011987298,baseline
4260.0,2,-0.6404194871859715,idle
4290.0,9,1.1568604174872559,baseline
4320.0,2,-0.6404194871859715,idle
4350.0,8,0.9001061453910805,baseline
4380.0,2,-0.6404194871859715,idle
4400.0,6,0.3865976011987298,baseline
4410.0,3,-0.3836652150897962,baseline
4440.0,2,-0.6404194871859715,idle
4460.0,6,0.3865976011987298,baseline
4470.0,2,-0.6404194871859715,idle
4500.0,2,-0.6404194871859715,idle
4510.0,6,0.3865976011987298,baseline
4530.0,3,-0.3836652150897962,baseline
4560.0,2,-0.6404194871859715,idle
4570.0,6,0.3865976011987298,baseline
4590.0,2,-0.6404194871859715,idle
4620.0,8,0.9001061453910805,baseline
4650.0,3,-0.3836652150897962,baseline
4670.0,4,-0.12691094299362085,baseline
4680.0,4,-0.12691094299362085,baseline
4710.0,2,-0.6404194871859715,idle
4730.0,6,0.3865976011987298,baseline
4740.0,2,-0.6404194871859715,idle
4770.0,3,-0.3836652150897962,baseline
4780.0,6,0.3865976011987298,baseline
4800.0,2,-0.6404194871859715,idle
4830.0,2,-0.6404194871859715,idle
4840.0,6,0.3865976011987298,baseline
4860.0,2,-0.6404194871859715,idle
4890.0,9,1.1568604174872559,baseline
4920.0,2,-0.6404194871859715,idle
4950.0,8,0.9001061453910805,baseline
4980.0,2,-0.6404194871859715,idle
5000.0,6,0.3865976011987298,baseline
5010.0,3,-0.3836652150897962,baseline
5040.0,2,-0.6404194871859715,idle
5060.0,6,0.3865976011987298,baseline
5070.0,2,-0.6404194871859715,idle
5100.0,2,-0.6404194871859715,idle
5110.0,6,0.3865976011987298,baseline
5130.0,11,1.6703689616796065,burst
5160.0,2,-0.6404194871859715,idle
5170.0,6,0.3865976011987298,baseline
5190.0,2,-0.6404194871859715,idle
5220.0,8,0.9001061453910805,baseline
5250.0,3,-0.3836652150897962,baseline
5260.0,2,-0.6404194871859715,idle
5280.0,8,0.9001061453910805,baseline
5310.0,2,-0.6404194871859715,idle
5330.0,6,0.3865976011987298,baseline
5340.0,2,-0.6404194871859715,idle
5370.0,3,-0.3836652150897962,baseline
5390.0,8,0.9001061453910805,baseline
5400.0,2,-0.6404194871859715,idle
5430.0,2,-0.6404194871859715,idle
5450.0,6,0.3865976011987298,baseline
5460.0,4,-0.12691094299362085,baseline
5490.0,3,-0.3836652150897962,baseline
5500.0,6,0.3865976011987298,baseline
5520.0,2,-0.6404194871859715,idle
5550.0,8,0.9001061453910805,baseline
5580.0,2,-0.6404194871859715,idle
5610.0,9,1.1568604174872559,baseline
5640.0,2,-0.6404194871859715,idle
5660.0,6,0.3865976011987298,baseline
5670.0,2,-0.6404194871859715,idle
5700.0,2,-0.6404194871859715,idle
5710.0,6,0.3865976011987298,baseline
5730.0,3,-0.3836652150897962,baseline
5760.0,2,-0.6404194871859715,idle
5770.0,6,0.3865976011987298,baseline
5790.0,2,-0.6404194871859715,idle
5820.0,8,0.9001061453910805,baseline
5850.0,3,-0.3836652150897962,baseline
5880.0,8,0.9001061453910805,baseline
5910.0,2,-0.6404194871859715,idle
5940.0,8,0.9001061453910805,baseline
5970.0,3,-0.3836652150897962,baseline
5990.0,6,0.3865976011987298,baseline
6000.0,2,-0.6404194871859715,idle
6030.0,12,1.9271232337757818,burst
6050.0,6,0.3865976011987298,baseline
6060.0,2,-0.6404194871859715,idle
6090.0,3,-0.3836652150897962,baseline
6100.0,6,0.3865976011987298,baseline
6120.0,2,-0.6404194871859715,idle
6150.0,3,-0.3836652150897962,baseline
6160.0,7,0.6433518732949052,baseline
6180.0,2,-0.6404194871859715,idle
6210.0,9,1.1568604174872559,baseline
6240.0,2,-0.6404194871859715,idle
6270.0,8,0.9001061453910805,baseline
6300.0,2,-0.6404194871859715,idle
6320.0,6,0.3865976011987298,baseline
6330.0,3,-0.3836652150897962,baseline
6360.0,2,-0.6404194871859715,idle
6380.0,6,0.3865976011987298,baseline
6390.0,2,-0.6404194871859715,idle
6420.0,2,-0.6404194871859715,idle
6430.0,6,0.3865976011987298,baseline
6450.0,3,-0.3836652150897962,baseline
6480.0,8,0.9001061453910805,baseline
6510.0,2,-0.6404194871859715,idle
6540.0,8,0.9001061453910805,baseline
6570.0,3,-0.3836652150897962,baseline
6590.0,6,0.3865976011987298,baseline
6600.0,2,-0.6404194871859715,idle
6630.0,2,-0.6404194871859715,idle
6650.0,6,0.3865976011987298,baseline
6660.0,2,-0.6404194871859715,idle
6690.0,3,-0.3836652150897962,baseline
6700.0,6,0.3865976011987298,baseline
6720.0,2,-0.6404194871859715,idle
6750.0,2,-0.6404194871859715,idle
6760.0,6,0.3865976011987298,baseline
6780.0,2,-0.6404194871859715,idle
6810.0,9,1.1568604174872559,baseline
6840.0,2,-0.6404194871859715,idle
6870.0,8,0.9001061453910805,baseline
6900.0,2,-0.6404194871859715,idle
6920.0,40,9.116242852468691,burst
6930.0,11,1.6703689616796065,burst
6960.0,2,-0.6404194871859715,idle
6980.0,6,0.3865976011987298,baseline
6990.0,2,-0.6404194871859715,idle
7020.0,2,-0.6404194871859715,idle
7030.0,6,0.3865976011987298,baseline
7050.0,3,-0.3836652150897962,baseline
7080.0,2,-0.6404194871859715,idle
7090.0,6,0.3865976011987298,baseline
7110.0,2,-0.6404194871859715,idle
7140.0,8,0.9001061453910805,baseline
7170.0,3,-0.3836652150897962,baseline
7190.0,6,0.3865976011987298,baseline
7200.0,2,-0.6404194871859715,idle
7230.0,2,-0.6404194871859715,idle
7250.0,6,0.3865976011987298,baseline
7260.0,2,-0.6404194871859715,idle
7290.0,3,-0.3836652150897962,baseline
7300.0,6,0.3865976011987298,baseline
7320.0,2,-0.6404194871859715,idle
7350.0,2,-0.6404194871859715,idle
7360.0,6,0.3865976011987298,baseline
7380.0,2,-0.6404194871859715,idle
7410.0,11,1.6703689616796065,burst
7440.0,2,-0.6404194871859715,idle
7470.0,8,0.9001061453910805,baseline
7500.0,2,-0.6404194871859715,idle
7520.0,6,0.3865976011987298,baseline
7530.0,3,-0.3836652150897962,baseline
7560.0,4,-0.12691094299362085,baseline
7580.0,6,0.3865976011987298,baseline
7590.0,2,-0.6404194871859715,idle
7600.0,2,-0.6404194871859715,idle
7620.0,2,-0.6404194871859715,idle
7630.0,6,0.3865976011987298,baseline
7650.0,3,-0.3836652150897962,baseline
7680.0,2,-0.6404194871859715,idle
7690.0,6,0.3865976011987298,baseline
7710.0,2,-0.6404194871859715,idle
7740.0,2,-0.6404194871859715,idle
7750.0,6,0.3865976011987298,baseline
7770.0,3,-0.3836652150897962,baseline
7800.0,8,0.9001061453910805,baseline
7830.0,10,1.4136146895834312,baseline
7850.0,6,0.3865976011987298,baseline
7860.0,2,-0.6404194871859715,idle
7890.0,3,-0.3836652150897962,baseline
7900.0,6,0.3865976011987298,baseline
7920.0,2,-0.6404194871859715,idle
7950.0,2,-0.6404194871859715,idle
7960.0,6,0.3865976011987298,baseline
7980.0,2,-0.6404194871859715,idle
8010.0,3,-0.3836652150897962,baseline
8020.0,6,0.3865976011987298,baseline
8040.0,2,-0.6404194871859715,idle
8070.0,8,0.9001061453910805,baseline
8100.0,2,-0.6404194871859715,idle
8130.0,10,1.4136146895834312,baseline
8160.0,2,-0.6404194871859715,idle
8190.0,8,0.9001061453910805,baseline
8220.0,2,-0.6404194871859715,idle
8250.0,4,-0.12691094299362085,baseline
8270.0,2,-0.6404194871859715,idle
8280.0,2,-0.6404194871859715,idle
8300.0,6,0.3865976011987298,baseline
8310.0,2,-0.6404194871859715,idle
8340.0,2,-0.6404194871859715,idle
8350.0,6,0.3865976011987298,baseline
8370.0,3,-0.3836652150897962,baseline
8400.0,2,-0.6404194871859715,idle
8410.0,6,0.3865976011987298,baseline
8430.0,2,-0.6404194871859715,idle
8460.0,2,-0.6404194871859715,idle
8470.0,6,0.3865976011987298,baseline
8490.0,3,-0.3836652150897962,baseline
8520.0,2,-0.6404194871859715,idle
8530.0,6,0.3865976011987298,baseline
8550.0,2,-0.6404194871859715,idle
8580.0,8,0.9001061453910805,baseline
8610.0,3,-0.3836652150897962,baseline
8630.0,6,0.3865976011987298,baseline
8640.0,2,-0.6404194871859715,idle
8670.0,2,-0.6404194871859715,idle
8680.0,6,0.3865976011987298,baseline
8700.0,2,-0.6404194871859715,idle
8730.0,13,2.183877505871957,burst
8740.0,6,0.3865976011987298,baseline
8760.0,2,-0.6404194871859715,idle
8790.0,8,0.9001061453910805,baseline
8820.0,2,-0.6404194871859715,idle
8840.0,6,0.3865976011987298,baseline
8850.0,3,-0.3836652150897962,baseline
8880.0,2,-0.6404194871859715,idle
8890.0,6,0.3865976011987298,baseline
8910.0,2,-0.6404194871859715,idle
8940.0,8,0.9001061453910805,baseline
8970.0,3,-0.3836652150897962,baseline
8990.0,5,0.12984332910255447,baseline
9000.0,3,-0.3836652150897962,baseline
9030.0,2,-0.6404194871859715,idle
9050.0,6,0.3865976011987298,baseline
9060.0,2,-0.6404194871859715,idle
9090.0,3,-0.3836652150897962,baseline
9100.0,6,0.3865976011987298,baseline
9120.0,2,-0.6404194871859715,idle
9150.0,8,0.9001061453910805,baseline
9180.0,2,-0.6404194871859715,idle
9200.0,6,0.3865976011987298,baseline
9210.0,3,-0.3836652150897962,baseline
9240.0,2,-0.6404194871859715,idle
9250.0,6,0.3865976011987298,baseline
9270.0,2,-0.6404194871859715,idle
9300.0,2,-0.6404194871859715,idle
9310.0,6,0.3865976011987298,baseline
9330.0,3,-0.3836652150897962,baseline
9360.0,8,0.9001061453910805,baseline
9390.0,2,-0.6404194871859715,idle
9410.0,6,0.3865976011987298,baseline
9420.0,2,-0.6404194871859715,idle
9450.0,3,-0.3836652150897962,baseline
9460.0,6,0.3865976011987298,baseline
9470.0,2,-0.6404194871859715,idle
9480.0,2,-0.6404194871859715,idle
9510.0,2,-0.6404194871859715,idle
9520.0,6,0.3865976011987298,baseline
9540.0,2,-0.6404194871859715,idle
9570.0,9,1.1568604174872559,baseline
9600.0,2,-0.6404194871859715,idle
9620.0,6,0.3865976011987298,baseline
9630.0,10,1.4136146895834312,baseline
9660.0,2,-0.6404194871859715,idle
9670.0,6,0.3865976011987298,baseline
9690.0,3,-0.3836652150897962,baseline
9700.0,2,-0.6404194871859715,idle
9710.0,2,-0.6404194871859715,idle
9720.0,2,-0.6404194871859715,idle
9730.0,6,0.3865976011987298,baseline
9750.0,2,-0.6404194871859715,idle
9780.0,8,0.9001061453910805,baseline
9810.0,3,-0.3836652150897962,baseline
9830.0,6,0.3865976011987298,baseline
9840.0,2,-0.6404194871859715,idle
9870.0,2,-0.6404194871859715,idle
9880.0,6,0.3865976011987298,baseline
9900.0,2,-0.6404194871859715,idle
9930.0,9,1.1568604174872559,baseline
9960.0,2,-0.6404194871859715,idle
9980.0,6,0.3865976011987298,baseline
9990.0,2,-0.6404194871859715,idle
10020.0,2,-0.6404194871859715,idle
10040.0,6,0.3865976011987298,baseline
10050.0,3,-0.3836652150897962,baseline
10080.0,2,-0.6404194871859715,idle
10090.0,6,0.3865976011987298,baseline
10110.0,2,-0.6404194871859715,idle
10140.0,8,0.9001061453910805,baseline
10170.0,3,-0.3836652150897962,baseline
10190.0,6,0.3865976011987298,baseline
10200.0,2,-0.6404194871859715,idle
10230.0,2,-0.6404194871859715,idle
10240.0,6,0.3865976011987298,baseline
10260.0,2,-0.6404194871859715,idle
10290.0,9,1.1568604174872559,baseline
10320.0,2,-0.6404194871859715,idle
10330.0,2,-0.6404194871859715,idle
10350.0,8,0.9001061453910805,baseline
10380.0,2,-0.6404194871859715,idle
10400.0,6,0.3865976011987298,baseline
10410.0,3,-0.3836652150897962,baseline
10440.0,2,-0.6404194871859715,idle
10450.0,6,0.3865976011987298,baseline
10470.0,2,-0.6404194871859715,idle
10500.0,8,0.9001061453910805,baseline
10520.0,34,7.575717219891639,burst
10530.0,12,1.9271232337757818,burst
10550.0,6,0.3865976011987298,baseline
10560.0,2,-0.6404194871859715,idle
10590.0,2,-0.6404194871859715,idle
10610.0,6,0.3865976011987298,baseline
10620.0,2,-0.6404194871859715,idle
10650.0,3,-0.3836652150897962,baseline
10660.0,6,0.3865976011987298,baseline
10680.0,2,-0.6404194871859715,idle
10710.0,8,0.9001061453910805,baseline
10740.0,2,-0.6404194871859715,idle
10760.0,6,0.3865976011987298,baseline
10770.0,3,-0.3836652150897962,baseline
10800.0,2,-0.6404194871859715,idle
10820.0,6,0.3865976011987298,baseline
10830.0,2,-0.6404194871859715,idle
10860.0,2,-0.6404194871859715,idle
10870.0,6,0.3865976011987298,baseline
10890.0,3,-0.3836652150897962,baseline
10920.0,8,0.9001061453910805,baseline
10950.0,2,-0.6404194871859715,idle
10970.0,6,0.3865976011987298,baseline
10980.0,2,-0.6404194871859715,idle
11010.0,3,-0.3836652150897962,baseline
11020.0,6,0.3865976011987298,baseline
11040.0,2,-0.6404194871859715,idle
11070.0,8,0.9001061453910805,baseline
11100.0,2,-0.6404194871859715,idle
11130.0,9,1.1568604174872559,baseline
11160.0,2,-0.6404194871859715,idle
11180.0,6,0.3865976011987298,baseline
11190.0,2,-0.6404194871859715,idle
11220.0,2,-0.6404194871859715,idle
11230.0,6,0.3865976011987298,baseline
11250.0,3,-0.3836652150897962,baseline
11280.0,8,0.9001061453910805,baseline
11310.0,2,-0.6404194871859715,idle
11330.0,6,0.3865976011987298,baseline
11340.0,2,-0.6404194871859715,idle
11370.0,3,-0.3836652150897962,baseline
11390.0,6,0.3865976011987298,baseline
11400.0,2,-0.6404194871859715,idle
11430.0,11,1.6703689616796065,burst
11440.0,6,0.3865976011987298,baseline
11460.0,2,-0.6404194871859715,idle
11490.0,9,1.1568604174872559,baseline
11520.0,2,-0.6404194871859715,idle
11540.0,8,0.9001061453910805,baseline
11550.0,2,-0.6404194871859715,idle
11580.0,2,-0.6404194871859715,idle
11590.0,4,-0.12691094299362085,baseline
11600.0,2,-0.6404194871859715,idle
11610.0,3,-0.3836652150897962,baseline
11640.0,2,-0.6404194871859715,idle
11650.0,6,0.3865976011987298,baseline
11670.0,2,-0.6404194871859715,idle
11700.0,8,0.9001061453910805,baseline
11730.0,3,-0.3836652150897962,baseline
11750.0,6,0.3865976011987298,baseline
11760.0,2,-0.6404194871859715,idle
11770.0,2,-0.6404194871859715,idle
11790.0,2,-0.6404194871859715,idle
11800.0,6,0.3865976011987298,baseline
11820.0,2,-0.6404194871859715,idle
11850.0,9,1.1568604174872559,baseline
11860.0,2,-0.6404194871859715,idle
11880.0,2,-0.6404194871859715,idle
11900.0,5,0.12984332910255447,baseline
11910.0,3,-0.3836652150897962,baseline
11940.0,2,-0.6404194871859715,idle
11960.0,6,0.3865976011987298,baseline
11970.0,3,-0.3836652150897962,baseline
12000.0,2,-0.6404194871859715,idle
12010.0,6,0.3865976011987298,baseline
12030.0,2,-0.6404194871859715,idle
12060.0,8,0.9001061453910805,baseline
12090.0,4,-0.12691094299362085,baseline
12110.0,6,0.3865976011987298,baseline
12120.0,2,-0.6404194871859715,idle
12150.0,2,-0.6404194871859715,idle
12160.0,6,0.3865976011987298,baseline
12180.0,2,-0.6404194871859715,idle
12210.0,4,-0.12691094299362085,baseline
12220.0,6,0.3865976011987298,baseline
12240.0,2,-0.6404194871859715,idle
12270.0,8,0.9001061453910805,baseline
12300.0,2,-0.6404194871859715,idle
12320.0,6,0.3865976011987298,baseline
12330.0,13,2.183877505871957,burst
12360.0,2,-0.6404194871859715,idle
12370.0,6,0.3865976011987298,baseline
12390.0,2,-0.6404194871859715,idle
12420.0,8,0.9001061453910805,baseline
12440.0,2,-0.6404194871859715,idle
12450.0,3,-0.3836652150897962,baseline
12480.0,8,0.9001061453910805,baseline
12510.0,2,-0.6404194871859715,idle
12530.0,6,0.3865976011987298,baseline
12540.0,2,-0.6404194871859715,idle
12570.0,3,-0.3836652150897962,baseline
12580.0,6,0.3865976011987298,baseline
12600.0,2,-0.6404194871859715,idle
12630.0,8,0.9001061453910805,baseline
12660.0,2,-0.6404194871859715,idle
12680.0,6,0.3865976011987298,baseline
12690.0,3,-0.3836652150897962,baseline
12720.0,2,-0.6404194871859715,idle
12740.0,6,0.3865976011987298,baseline
12750.0,2,-0.6404194871859715,idle
12780.0,2,-0.6404194871859715,idle
12790.0,6,0.3865976011987298,baseline
12810.0,3,-0.3836652150897962,baseline
12840.0,8,0.9001061453910805,baseline
12870.0,2,-0.6404194871859715,idle
12890.0,6,0.3865976011987298,baseline
12900.0,2,-0.6404194871859715,idle
12930.0,3,-0.3836652150897962,baseline
12940.0,6,0.3865976011987298,baseline
12960.0,2,-0.6404194871859715,idle
12990.0,2,-0.6404194871859715,idle
13000.0,6,0.3865976011987298,baseline
13020.0,2,-0.6404194871859715,idle
13050.0,10,1.4136146895834312,baseline
13080.0,2,-0.6404194871859715,idle
13100.0,6,0.3865976011987298,baseline
13110.0,2,-0.6404194871859715,idle
13140.0,2,-0.6404194871859715,idle
13150.0,6,0.3865976011987298,baseline
13170.0,4,-0.12691094299362085,baseline
13200.0,2,-0.6404194871859715,idle
13210.0,6,0.3865976011987298,baseline
13230.0,11,1.6703689616796065,burst
13260.0,8,0.9001061453910805,baseline
13290.0,3,-0.3836652150897962,baseline
13310.0,6,0.3865976011987298,baseline
13320.0,2,-0.6404194871859715,idle
13350.0,2,-0.6404194871859715,idle
13360.0,6,0.3865976011987298,baseline
13380.0,2,-0.6404194871859715,idle
13410.0,9,1.1568604174872559,baseline
13440.0,2,-0.6404194871859715,idle
13470.0,8,0.9001061453910805,baseline
13500.0,2,-0.6404194871859715,idle
13520.0,6,0.3865976011987298,baseline
13530.0,3,-0.3836652150897962,baseline
13560.0,2,-0.6404194871859715,idle
13570.0,6,0.3865976011987298,baseline
13590.0,2,-0.6404194871859715,idle
13600.0,2,-0.6404194871859715,idle
13620.0,8,0.9001061453910805,baseline
13650.0,3,-0.3836652150897962,baseline
13670.0,6,0.3865976011987298,baseline
13680.0,2,-0.6404194871859715,idle
13710.0,2,-0.6404194871859715,idle
13720.0,4,-0.12691094299362085,baseline
13730.0,2,-0.6404194871859715,idle
13740.0,2,-0.6404194871859715,idle
13770.0,3,-0.3836652150897962,baseline
13780.0,6,0.3865976011987298,baseline
13800.0,2,-0.6404194871859715,idle
13830.0,8,0.9001061453910805,baseline
13860.0,2,-0.6404194871859715,idle
13880.0,6,0.3865976011987298,baseline
13890.0,3,-0.3836652150897962,baseline
13920.0,4,-0.12691094299362085,baseline
13930.0,6,0.3865976011987298,baseline
13950.0,4,-0.12691094299362085,baseline
13980.0,8,0.9001061453910805,baseline
14010.0,3,-0.3836652150897962,baseline
14030.0,6,0.3865976011987298,baseline
14040.0,2,-0.6404194871859715,idle
14070.0,2,-0.6404194871859715,idle
14090.0,6,0.3865976011987298,baseline
14100.0,2,-0.6404194871859715,idle
14120.0,51,11.94053984552662,burst
14130.0,11,1.6703689616796065,burst
14140.0,6,0.3865976011987298,baseline
14160.0,2,-0.6404194871859715,idle
14190.0,8,0.9001061453910805,baseline
14220.0,2,-0.6404194871859715,idle
14240.0,6,0.3865976011987298,baseline
14250.0,3,-0.3836652150897962,baseline
14280.0,2,-0.6404194871859715,idle
14290.0,6,0.3865976011987298,baseline
14310.0,2,-0.6404194871859715,idle
14340.0,2,-0.6404194871859715,idle
14350.0,6,0.3865976011987298,baseline
14370.0,3,-0.3836652150897962,baseline
14400.0,8,0.9001061453910805,baseline
14430.0,2,-0.6404194871859715,idle
14450.0,6,0.3865976011987298,baseline
14460.0,2,-0.6404194871859715,idle
14490.0,3,-0.3836652150897962,baseline
14500.0,6,0.3865976011987298,baseline
14520.0,4,-0.12691094299362085,baseline
14550.0,2,-0.6404194871859715,idle
14560.0,6,0.3865976011987298,baseline
14580.0,2,-0.6404194871859715,idle
14610.0,9,1.1568604174872559,baseline
14640.0,2,-0.6404194871859715,idle
14660.0,6,0.3865976011987298,baseline
14670.0,2,-0.6404194871859715,idle
14700.0,2,-0.6404194871859715,idle
14710.0,6,0.3865976011987298,baseline
14730.0,3,-0.3836652150897962,baseline
14760.0,2,-0.6404194871859715,idle
14770.0,6,0.3865976011987298,baseline
14790.0,2,-0.6404194871859715,idle
14820.0,8,0.9001061453910805,baseline
14850.0,3,-0.3836652150897962,baseline
14870.0,6,0.3865976011987298,baseline
14880.0,2,-0.6404194871859715,idle
14910.0,2,-0.6404194871859715,idle
14920.0,6,0.3865976011987298,baseline
14940.0,2,-0.6404194871859715,idle
14970.0,6,0.3865976011987298,baseline
14980.0,3,-0.3836652150897962,baseline
15000.0,2,-0.6404194871859715,idle
15030.0,18,3.4676488663528335,burst
15060.0,2,-0.6404194871859715,idle
15080.0,6,0.3865976011987298,baseline
15090.0,3,-0.3836652150897962,baseline
15120.0,2,-0.6404194871859715,idle
15130.0,6,0.3865976011987298,baseline
15150.0,2,-0.6404194871859715,idle
15180.0,8,0.9001061453910805,baseline
15210.0,3,-0.3836652150897962,baseline
15230.0,6,0.3865976011987298,baseline
15240.0,2,-0.6404194871859715,idle
15270.0,2,-0.6404194871859715,idle
15280.0,6,0.3865976011987298,baseline
15300.0,2,-0.6404194871859715,idle
15330.0,3,-0.3836652150897962,baseline
15340.0,6,0.3865976011987298,baseline
15360.0,2,-0.6404194871859715,idle
15390.0,8,0.9001061453910805,baseline
15420.0,2,-0.6404194871859715,idle
15440.0,6,0.3865976011987298,baseline
15450.0,3,-0.3836652150897962,baseline
15480.0,2,-0.6404194871859715,idle
15490.0,6,0.3865976011987298,baseline
15510.0,2,-0.6404194871859715,idle
15540.0,2,-0.6404194871859715,idle
15550.0,6,0.3865976011987298,baseline
15570.0,3,-0.3836652150897962,baseline
15600.0,8,0.9001061453910805,baseline
15630.0,2,-0.6404194871859715,idle
15650.0,6,0.3865976011987298,baseline
15660.0,2,-0.6404194871859715,idle
15690.0,3,-0.3836652150897962,baseline
15700.0,6,0.3865976011987298,baseline
15720.0,2,-0.6404194871859715,idle
15750.0,8,0.9001061453910805,baseline
15760.0,2,-0.6404194871859715,idle
15780.0,2,-0.6404194871859715,idle
15800.0,6,0.3865976011987298,baseline
15810.0,3,-0.3836652150897962,baseline
15840.0,2,-0.6404194871859715,idle
15850.0,6,0.3865976011987298,baseline
15870.0,2,-0.6404194871859715,idle
15900.0,8,0.9001061453910805,baseline
15930.0,13,2.183877505871957,burst
15960.0,8,0.9001061453910805,baseline
15990.0,2,-0.6404194871859715,idle
16010.0,6,0.3865976011987298,baseline
16020.0,2,-0.6404194871859715,idle
16050.0,5,0.12984332910255447,baseline
16060.0,6,0.3865976011987298,baseline
16080.0,2,-0.6404194871859715,idle
16090.0,2,-0.6404194871859715,idle
16110.0,8,0.9001061453910805,baseline
16140.0,2,-0.6404194871859715,idle
16160.0,6,0.3865976011987298,baseline
16170.0,3,-0.3836652150897962,baseline
16200.0,2,-0.6404194871859715,idle
16220.0,6,0.3865976011987298,baseline
16230.0,2,-0.6404194871859715,idle
16260.0,2,-0.6404194871859715,idle
16270.0,6,0.3865976011987298,baseline
16290.0,3,-0.3836652150897962,baseline
16320.0,8,0.9001061453910805,baseline
16350.0,2,-0.6404194871859715,idle
16370.0,6,0.3865976011987298,baseline
16380.0,2,-0.6404194871859715,idle
16410.0,3,-0.3836652150897962,baseline
16430.0,6,0.3865976011987298,baseline
16440.0,2,-0.6404194871859715,idle
16470.0,2,-0.6404194871859715,idle
16480.0,6,0.3865976011987298,baseline
16500.0,2,-0.6404194871859715,idle
16530.0,9,1.1568604174872559,baseline
16560.0,2,-0.6404194871859715,idle
16580.0,6,0.3865976011987298,baseline
16590.0,2,-0.6404194871859715,idle
16620.0,2,-0.6404194871859715,idle
16630.0,6,0.3865976011987298,baseline
16640.0,2,-0.6404194871859715,idle
16650.0,3,-0.3836652150897962,baseline
16680.0,8,0.9001061453910805,baseline
16710.0,2,-0.6404194871859715,idle
16730.0,6,0.3865976011987298,baseline
16740.0,2,-0.6404194871859715,idle
16770.0,3,-0.3836652150897962,baseline
16790.0,6,0.3865976011987298,baseline
16800.0,2,-0.6404194871859715,idle
16830.0,12,1.9271232337757818,burst
16840.0,6,0.3865976011987298,baseline
16860.0,2,-0.6404194871859715,idle
16890.0,9,1.1568604174872559,baseline
16920.0,2,-0.6404194871859715,idle
16950.0,8,0.9001061453910805,baseline
16980.0,2,-0.6404194871859715,idle
17000.0,6,0.3865976011987298,baseline
17010.0,3,-0.3836652150897962,baseline
17040.0,2,-0.6404194871859715,idle
17050.0,6,0.3865976011987298,baseline
17070.0,2,-0.6404194871859715,idle
17100.0,8,0.9001061453910805,baseline
17130.0,3,-0.3836652150897962,baseline
17150.0,6,0.3865976011987298,baseline
17160.0,2,-0.6404194871859715,idle
17190.0,2,-0.6404194871859715,idle
17210.0,6,0.3865976011987298,baseline
17220.0,2,-0.6404194871859715,idle
17250.0,3,-0.3836652150897962,baseline
17260.0,6,0.3865976011987298,baseline
17280.0,2,-0.6404194871859715,idle
17310.0,8,0.9001061453910805,baseline
17340.0,2,-0.6404194871859715,idle
17360.0,6,0.3865976011987298,baseline
17370.0,3,-0.3836652150897962,baseline
17400.0,2,-0.6404194871859715,idle
17410.0,6,0.3865976011987298,baseline
17430.0,2,-0.6404194871859715,idle
17460.0,8,0.9001061453910805,baseline
17490.0,3,-0.3836652150897962,baseline
17520.0,8,0.9001061453910805,baseline
17550.0,2,-0.6404194871859715,idle
17570.0,6,0.3865976011987298,baseline
17580.0,2,-0.6404194871859715,idle
17610.0,3,-0.3836652150897962,baseline
17620.0,6,0.3865976011987298,baseline
17640.0,2,-0.6404194871859715,idle
17670.0,8,0.9001061453910805,baseline
17700.0,2,-0.6404194871859715,idle
17720.0,34,7.575717219891639,burst
17730.0,17,3.2108945942566582,burst
17760.0,2,-0.6404194871859715,idle
17780.0,6,0.3865976011987298,baseline
17790.0,2,-0.6404194871859715,idle
17820.0,2,-0.6404194871859715,idle
17830.0,6,0.3865976011987298,baseline
17850.0,3,-0.3836652150897962,baseline
17880.0,8,0.9001061453910805,baseline
17910.0,2,-0.6404194871859715,idle
17920.0,2,-0.6404194871859715,idle
17930.0,6,0.3865976011987298,baseline
17940.0,2,-0.6404194871859715,idle
17970.0,3,-0.3836652150897962,baseline
17980.0,6,0.3865976011987298,baseline
18000.0,2,-0.6404194871859715,idle
18030.0,2,-0.6404194871859715,idle
18040.0,6,0.3865976011987298,baseline
18060.0,2,-0.6404194871859715,idle
18090.0,9,1.1568604174872559,baseline
18120.0,2,-0.6404194871859715,idle
18130.0,2,-0.6404194871859715,idle
18140.0,6,0.3865976011987298,baseline
18150.0,2,-0.6404194871859715,idle
18180.0,2,-0.6404194871859715,idle
18190.0,6,0.3865976011987298,baseline
18210.0,3,-0.3836652150897962,baseline
18240.0,8,0.9001061453910805,baseline
18260.0,2,-0.6404194871859715,idle
18270.0,2,-0.6404194871859715,idle
18290.0,6,0.3865976011987298,baseline
18300.0,2,-0.6404194871859715,idle
18330.0,3,-0.3836652150897962,baseline
18340.0,6,0.3865976011987298,baseline
18360.0,2,-0.6404194871859715,idle
18390.0,2,-0.6404194871859715,idle
18400.0,6,0.3865976011987298,baseline
18420.0,2,-0.6404194871859715,idle
18450.0,9,1.1568604174872559,baseline
18480.0,2,-0.6404194871859715,idle
18500.0,6,0.3865976011987298,baseline
18510.0,2,-0.6404194871859715,idle
18540.0,2,-0.6404194871859715,idle
18560.0,6,0.3865976011987298,baseline
18570.0,3,-0.3836652150897962,baseline
18600.0,2,-0.6404194871859715,idle
18610.0,6,0.3865976011987298,baseline
18630.0,10,1.4136146895834312,baseline
18660.0,8,0.9001061453910805,baseline
18690.0,3,-0.3836652150897962,baseline
18710.0,8,0.9001061453910805,baseline
18720.0,2,-0.6404194871859715,idle
18750.0,2,-0.6404194871859715,idle
18760.0,6,0.3865976011987298,baseline
18780.0,2,-0.6404194871859715,idle
18810.0,9,1.1568604174872559,baseline
18840.0,2,-0.6404194871859715,idle
18870.0,8,0.9001061453910805,baseline
18900.0,2,-0.6404194871859715,idle
18920.0,6,0.3865976011987298,baseline
18930.0,3,-0.3836652150897962,baseline
18960.0,2,-0.6404194871859715,idle
18970.0,6,0.3865976011987298,baseline
18990.0,2,-0.6404194871859715,idle
19020.0,8,0.9001061453910805,baseline
19050.0,3,-0.3836652150897962,baseline
19070.0,6,0.3865976011987298,baseline
19080.0,2,-0.6404194871859715,idle
19110.0,2,-0.6404194871859715,idle
19120.0,4,-0.12691094299362085,baseline
19130.0,2,-0.6404194871859715,idle
19140.0,2,-0.6404194871859715,idle
19170.0,3,-0.3836652150897962,baseline
19180.0,6,0.3865976011987298,baseline
19200.0,2,-0.6404194871859715,idle
19230.0,8,0.9001061453910805,baseline
19260.0,2,-0.6404194871859715,idle
19280.0,6,0.3865976011987298,baseline
19290.0,3,-0.3836652150897962,baseline
19320.0,2,-0.6404194871859715,idle
19330.0,6,0.3865976011987298,baseline
19350.0,2,-0.6404194871859715,idle
19380.0,8,0.9001061453910805,baseline
19410.0,3,-0.3836652150897962,baseline
19440.0,8,0.9001061453910805,baseline
19470.0,2,-0.6404194871859715,idle
19490.0,6,0.3865976011987298,baseline
19500.0,2,-0.6404194871859715,idle
19530.0,13,2.183877505871957,burst
19540.0,6,0.3865976011987298,baseline
19560.0,2,-0.6404194871859715,idle
19590.0,8,0.9001061453910805,baseline
19620.0,2,-0.6404194871859715,idle
19650.0,9,1.1568604174872559,baseline
19680.0,2,-0.6404194871859715,idle
19700.0,6,0.3865976011987298,baseline
19710.0,2,-0.6404194871859715,idle
19740.0,2,-0.6404194871859715,idle
19750.0,6,0.3865976011987298,baseline
19770.0,3,-0.3836652150897962,baseline
19800.0,8,0.9001061453910805,baseline
19830.0,2,-0.6404194871859715,idle
19850.0,6,0.3865976011987298,baseline
19860.0,2,-0.6404194871859715,idle
19890.0,3,-0.3836652150897962,baseline
19900.0,1,-0.8971737592821468,idle
19910.0,5,0.12984332910255447,baseline
19920.0,2,-0.6404194871859715,idle
19950.0,2,-0.6404194871859715,idle
19960.0,6,0.3865976011987298,baseline
19980.0,2,-0.6404194871859715,idle
20010.0,11,1.6703689616796065,burst
20040.0,2,-0.6404194871859715,idle
20060.0,6,0.3865976011987298,baseline
20070.0,2,-0.6404194871859715,idle
20100.0,2,-0.6404194871859715,idle
20110.0,6,0.3865976011987298,baseline
20130.0,3,-0.3836652150897962,baseline
20160.0,5,0.12984332910255447,baseline
20170.0,3,-0.3836652150897962,baseline
20190.0,2,-0.6404194871859715,idle
20220.0,8,0.9001061453910805,baseline
20240.0,2,-0.6404194871859715,idle
20250.0,3,-0.3836652150897962,baseline
20270.0,6,0.3865976011987298,baseline
20280.0,2,-0.6404194871859715,idle
20310.0,2,-0.6404194871859715,idle
20320.0,6,0.3865976011987298,baseline
20340.0,2,-0.6404194871859715,idle
20370.0,9,1.1568604174872559,baseline
20390.0,2,-0.6404194871859715,idle
20400.0,2,-0.6404194871859715,idle
20420.0,2,-0.6404194871859715,idle
20430.0,14,2.4406317779681324,burst
20460.0,2,-0.6404194871859715,idle
20480.0,6,0.3865976011987298,baseline
20490.0,3,-0.3836652150897962,baseline
20520.0,2,-0.6404194871859715,idle
20530.0,6,0.3865976011987298,baseline
20550.0,2,-0.6404194871859715,idle
20580.0,8,0.9001061453910805,baseline
20610.0,3,-0.3836652150897962,baseline
20630.0,6,0.3865976011987298,baseline
20640.0,2,-0.6404194871859715,idle
20670.0,2,-0.6404194871859715,idle
20680.0,6,0.3865976011987298,baseline
20700.0,2,-0.6404194871859715,idle
20730.0,3,-0.3836652150897962,baseline
20740.0,6,0.3865976011987298,baseline
20760.0,2,-0.6404194871859715,idle
20790.0,8,0.9001061453910805,baseline
20820.0,2,-0.6404194871859715,idle
20840.0,8,0.9001061453910805,baseline
20850.0,3,-0.3836652150897962,baseline
20880.0,2,-0.6404194871859715,idle
20890.0,6,0.3865976011987298,baseline
20910.0,2,-0.6404194871859715,idle
20940.0,2,-0.6404194871859715,idle
20950.0,6,0.3865976011987298,baseline
20970.0,3,-0.3836652150897962,baseline
21000.0,8,0.9001061453910805,baseline
21030.0,2,-0.6404194871859715,idle
21050.0,6,0.3865976011987298,baseline
21060.0,2,-0.6404194871859715,idle
21090.0,3,-0.3836652150897962,baseline
21100.0,6,0.3865976011987298,baseline
21120.0,2,-0.6404194871859715,idle
21150.0,8,0.9001061453910805,baseline
21180.0,2,-0.6404194871859715,idle
21200.0,6,0.3865976011987298,baseline
21210.0,3,-0.3836652150897962,baseline
21240.0,2,-0.6404194871859715,idle
21250.0,6,0.3865976011987298,baseline
21270.0,2,-0.6404194871859715,idle
21300.0,8,0.9001061453910805,baseline
21320.0,34,7.575717219891639,burst
21330.0,11,1.6703689616796065,burst
21360.0,8,0.9001061453910805,baseline
21390.0,2,-0.6404194871859715,idle
21410.0,6,0.3865976011987298,baseline
21420.0,2,-0.6404194871859715,idle
21450.0,3,-0.3836652150897962,baseline
21460.0,6,0.3865976011987298,baseline
21480.0,2,-0.6404194871859715,idle
21510.0,8,0.9001061453910805,baseline
21540.0,2,-0.6404194871859715,idle
21560.0,6,0.3865976011987298,baseline
21570.0,3,-0.3836652150897962,baseline
21600.0,2,-0.6404194871859715,idle
21610.0,6,0.3865976011987298,baseline
21630.0,2,-0.6404194871859715,idle
21660.0,2,-0.6404194871859715,idle
21670.0,6,0.3865976011987298,baseline
21690.0,3,-0.3836652150897962,baseline
21720.0,8,0.9001061453910805,baseline
21750.0,2,-0.6404194871859715,idle
21770.0,6,0.3865976011987298,baseline
21780.0,2,-0.6404194871859715,idle
21810.0,4,-0.12691094299362085,baseline
21820.0,6,0.3865976011987298,baseline
21840.0,2,-0.6404194871859715,idle
21870.0,8,0.9001061453910805,baseline
21900.0,2,-0.6404194871859715,idle
21930.0,10,1.4136146895834312,baseline
21960.0,2,-0.6404194871859715,idle
21980.0,6,0.3865976011987298,baseline
21990.0,2,-0.6404194871859715,idle
22020.0,2,-0.6404194871859715,idle
22030.0,6,0.3865976011987298,baseline
22050.0,3,-0.3836652150897962,baseline
22080.0,8,0.9001061453910805,baseline
22110.0,2,-0.6404194871859715,idle
22130.0,6,0.3865976011987298,baseline
22140.0,2,-0.6404194871859715,idle
22170.0,3,-0.3836652150897962,baseline
22180.0,8,0.9001061453910805,baseline
22200.0,2,-0.6404194871859715,idle
22230.0,13,2.183877505871957,burst
22240.0,5,0.12984332910255447,baseline
22260.0,2,-0.6404194871859715,idle
22290.0,9,1.1568604174872559,baseline
22300.0,2,-0.6404194871859715,idle
22320.0,2,-0.6404194871859715,idle
22340.0,6,0.3865976011987298,baseline
22350.0,2,-0.6404194871859715,idle
22380.0,2,-0.6404194871859715,idle
22390.0,6,0.3865976011987298,baseline
22410.0,3,-0.3836652150897962,baseline
22440.0,8,0.9001061453910805,baseline
22470.0,4,-0.12691094299362085,baseline
22490.0,6,0.3865976011987298,baseline
22500.0,2,-0.6404194871859715,idle
22530.0,3,-0.3836652150897962,baseline
22550.0,6,0.3865976011987298,baseline
22560.0,2,-0.6404194871859715,idle
22590.0,2,-0.6404194871859715,idle
22600.0,6,0.3865976011987298,baseline
22620.0,2,-0.6404194871859715,idle
22650.0,9,1.1568604174872559,baseline
22680.0,2,-0.6404194871859715,idle
22700.0,6,0.3865976011987298,baseline
22710.0,2,-0.6404194871859715,idle
22740.0,2,-0.6404194871859715,idle
22760.0,6,0.3865976011987298,baseline
22770.0,4,-0.12691094299362085,baseline
22800.0,2,-0.6404194871859715,idle
22810.0,6,0.3865976011987298,baseline
22830.0,2,-0.6404194871859715,idle
22860.0,8,0.9001061453910805,baseline
22890.0,4,-0.12691094299362085,baseline
22910.0,8,0.9001061453910805,baseline
22920.0,2,-0.6404194871859715,idle
22950.0,2,-0.6404194871859715,idle
22960.0,6,0.3865976011987298,baseline
22980.0,2,-0.6404194871859715,idle
23010.0,3,-0.3836652150897962,baseline
23020.0,6,0.3865976011987298,baseline
23040.0,2,-0.6404194871859715,idle
23070.0,8,0.9001061453910805,baseline
23100.0,2,-0.6404194871859715,idle
23120.0,6,0.3865976011987298,baseline
23130.0,11,1.6703689616796065,burst
23160.0,2,-0.6404194871859715,idle
23170.0,6,0.3865976011987298,baseline
23190.0,2,-0.6404194871859715,idle
23220.0,2,-0.6404194871859715,idle
23230.0,6,0.3865976011987298,baseline
23250.0,3,-0.3836652150897962,baseline
23280.0,8,0.9001061453910805,baseline
23310.0,2,-0.6404194871859715,idle
23330.0,6,0.3865976011987298,baseline
23340.0,2,-0.6404194871859715,idle
23370.0,3,-0.3836652150897962,baseline
23380.0,6,0.3865976011987298,baseline
23400.0,2,-0.6404194871859715,idle
23430.0,8,0.9001061453910805,baseline
23460.0,2,-0.6404194871859715,idle
23480.0,6,0.3865976011987298,baseline
23490.0,3,-0.3836652150897962,baseline
23520.0,2,-0.6404194871859715,idle
23540.0,6,0.3865976011987298,baseline
23550.0,2,-0.6404194871859715,idle
23580.0,2,-0.6404194871859715,idle
23590.0,6,0.3865976011987298,baseline
23610.0,3,-0.3836652150897962,baseline
23640.0,8,0.9001061453910805,baseline
23670.0,2,-0.6404194871859715,idle
23690.0,6,0.3865976011987298,baseline
23700.0,2,-0.6404194871859715,idle
23730.0,3,-0.3836652150897962,baseline
23750.0,6,0.3865976011987298,baseline
23760.0,2,-0.6404194871859715,idle
23790.0,2,-0.6404194871859715,idle
23800.0,6,0.3865976011987298,baseline
23820.0,2,-0.6404194871859715,idle
23850.0,9,1.1568604174872559,baseline
23880.0,2,-0.6404194871859715,idle
23900.0,6,0.3865976011987298,baseline
23910.0,2,-0.6404194871859715,idle
23940.0,2,-0.6404194871859715,idle
23950.0,6,0.3865976011987298,baseline
23970.0,3,-0.3836652150897962,baseline
24000.0,2,-0.6404194871859715,idle
24010.0,6,0.3865976011987298,baseline
24030.0,10,1.4136146895834312,baseline
24060.0,8,0.9001061453910805,baseline
24090.0,3,-0.3836652150897962,baseline
24110.0,6,0.3865976011987298,baseline
24120.0,2,-0.6404194871859715,idle
24150.0,2,-0.6404194871859715,idle
24160.0,6,0.3865976011987298,baseline
24180.0,2,-0.6404194871859715,idle
24210.0,9,1.1568604174872559,baseline
24240.0,2,-0.6404194871859715,idle
24270.0,8,0.9001061453910805,baseline
24300.0,2,-0.6404194871859715,idle
24320.0,6,0.3865976011987298,baseline
24330.0,3,-0.3836652150897962,baseline
24360.0,2,-0.6404194871859715,idle
24370.0,6,0.3865976011987298,baseline
24390.0,2,-0.6404194871859715,idle
24420.0,8,0.9001061453910805,baseline
24450.0,3,-0.3836652150897962,baseline
24470.0,6,0.3865976011987298,baseline
24480.0,2,-0.6404194871859715,idle
24510.0,2,-0.6404194871859715,idle
24530.0,6,0.3865976011987298,baseline
24540.0,2,-0.6404194871859715,idle
24570.0,3,-0.3836652150897962,baseline
24580.0,6,0.3865976011987298,baseline
24600.0,2,-0.6404194871859715,idle
24630.0,8,0.9001061453910805,baseline
24660.0,2,-0.6404194871859715,idle
24680.0,6,0.3865976011987298,baseline
24690.0,3,-0.3836652150897962,baseline
24720.0,2,-0.6404194871859715,idle
24730.0,6,0.3865976011987298,baseline
24750.0,2,-0.6404194871859715,idle
24780.0,8,0.9001061453910805,baseline
24810.0,3,-0.3836652150897962,baseline
24840.0,8,0.9001061453910805,baseline
24870.0,2,-0.6404194871859715,idle
24890.0,6,0.3865976011987298,baseline
24900.0,2,-0.6404194871859715,idle
24920.0,35,7.832471491987814,burst
24930.0,12,1.9271232337757818,burst
24940.0,6,0.3865976011987298,baseline
24960.0,2,-0.6404194871859715,idle
24990.0,8,0.9001061453910805,baseline
25020.0,2,-0.6404194871859715,idle
25040.0,4,-0.12691094299362085,baseline
25050.0,5,0.12984332910255447,baseline
25080.0,2,-0.6404194871859715,idle
25100.0,6,0.3865976011987298,baseline
25110.0,2,-0.6404194871859715,idle
25140.0,2,-0.6404194871859715,idle
25150.0,6,0.3865976011987298,baseline
25170.0,3,-0.3836652150897962,baseline
25200.0,8,0.9001061453910805,baseline
25230.0,2,-0.6404194871859715,idle
25250.0,6,0.3865976011987298,baseline
25260.0,2,-0.6404194871859715,idle
25290.0,3,-0.3836652150897962,baseline
25300.0,6,0.3865976011987298,baseline
25320.0,2,-0.6404194871859715,idle
25350.0,2,-0.6404194871859715,idle
25360.0,6,0.3865976011987298,baseline
25380.0,2,-0.6404194871859715,idle
25410.0,9,1.1568604174872559,baseline
25440.0,2,-0.6404194871859715,idle
25460.0,6,0.3865976011987298,baseline
25470.0,2,-0.6404194871859715,idle
25500.0,2,-0.6404194871859715,idle
25510.0,6,0.3865976011987298,baseline
25530.0,3,-0.3836652150897962,baseline
25560.0,8,0.9001061453910805,baseline
25590.0,2,-0.6404194871859715,idle
25620.0,8,0.9001061453910805,baseline
25650.0,3,-0.3836652150897962,baseline
25670.0,6,0.3865976011987298,baseline
25680.0,2,-0.6404194871859715,idle
25710.0,2,-0.6404194871859715,idle
25720.0,6,0.3865976011987298,baseline
25740.0,2,-0.6404194871859715,idle
25770.0,9,1.1568604174872559,baseline
25800.0,2,-0.6404194871859715,idle
25820.0,6,0.3865976011987298,baseline
25830.0,10,1.4136146895834312,baseline
25860.0,2,-0.6404194871859715,idle
25880.0,6,0.3865976011987298,baseline
25890.0,3,-0.3836652150897962,baseline
25920.0,2,-0.6404194871859715,idle
25930.0,6,0.3865976011987298,baseline
25950.0,2,-0.6404194871859715,idle
25980.0,8,0.9001061453910805,baseline
26010.0,3,-0.3836652150897962,baseline
26030.0,6,0.3865976011987298,baseline
26040.0,2,-0.6404194871859715,idle
26070.0,2,-0.6404194871859715,idle
26080.0,6,0.3865976011987298,baseline
26100.0,2,-0.6404194871859715,idle
26130.0,9,1.1568604174872559,baseline
26160.0,2,-0.6404194871859715,idle
26190.0,8,0.9001061453910805,baseline
26220.0,2,-0.6404194871859715,idle
26240.0,6,0.3865976011987298,baseline
26250.0,3,-0.3836652150897962,baseline
26280.0,2,-0.6404194871859715,idle
26290.0,6,0.3865976011987298,baseline
26310.0,2,-0.6404194871859715,idle
26340.0,8,0.9001061453910805,baseline
26370.0,3,-0.3836652150897962,baseline
26390.0,8,0.9001061453910805,baseline
26400.0,2,-0.6404194871859715,idle
26430.0,2,-0.6404194871859715,idle
26450.0,6,0.3865976011987298,baseline
26460.0,2,-0.6404194871859715,idle
26490.0,3,-0.3836652150897962,baseline
26500.0,6,0.3865976011987298,baseline
26520.0,2,-0.6404194871859715,idle
26530.0,2,-0.6404194871859715,idle
26550.0,8,0.9001061453910805,baseline
26580.0,2,-0.6404194871859715,idle
26610.0,9,1.1568604174872559,baseline
26640.0,2,-0.6404194871859715,idle
26660.0,6,0.3865976011987298,baseline
26670.0,2,-0.6404194871859715,idle
26700.0,2,-0.6404194871859715,idle
26710.0,6,0.3865976011987298,baseline
26730.0,15,2.6973860500643076,burst
26760.0,8,0.9001061453910805,baseline
26790.0,2,-0.6404194871859715,idle
26810.0,6,0.3865976011987298,baseline
26820.0,2,-0.6404194871859715,idle
26850.0,3,-0.3836652150897962,baseline
26870.0,6,0.3865976011987298,baseline
26880.0,2,-0.6404194871859715,idle
26910.0,2,-0.6404194871859715,idle
26920.0,6,0.3865976011987298,baseline
26940.0,2,-0.6404194871859715,idle
26970.0,9,1.1568604174872559,baseline
27000.0,2,-0.6404194871859715,idle
27020.0,6,0.3865976011987298,baseline
27030.0,2,-0.6404194871859715,idle
27060.0,2,-0.6404194871859715,idle
27070.0,6,0.3865976011987298,baseline
27090.0,3,-0.3836652150897962,baseline
27120.0,8,0.9001061453910805,baseline
27150.0,2,-0.6404194871859715,idle
27170.0,3,-0.3836652150897962,baseline
27180.0,5,0.12984332910255447,baseline
27200.0,1,-0.8971737592821468,idle
27210.0,4,-0.12691094299362085,baseline
27230.0,6,0.3865976011987298,baseline
27240.0,2,-0.6404194871859715,idle
27270.0,2,-0.6404194871859715,idle
27280.0,6,0.3865976011987298,baseline
27300.0,2,-0.6404194871859715,idle
27330.0,9,1.1568604174872559,baseline
27360.0,2,-0.6404194871859715,idle
27380.0,6,0.3865976011987298,baseline
27390.0,2,-0.6404194871859715,idle
27420.0,2,-0.6404194871859715,idle
27430.0,6,0.3865976011987298,baseline
27450.0,3,-0.3836652150897962,baseline
27480.0,2,-0.6404194871859715,idle
27490.0,6,0.3865976011987298,baseline
27510.0,2,-0.6404194871859715,idle
27540.0,8,0.9001061453910805,baseline
27570.0,3,-0.3836652150897962,baseline
27590.0,6,0.3865976011987298,baseline
27600.0,2,-0.6404194871859715,idle
27630.0,10,1.4136146895834312,baseline
27640.0,6,0.3865976011987298,baseline
27660.0,2,-0.6404194871859715,idle
27690.0,9,1.1568604174872559,baseline
27720.0,2,-0.6404194871859715,idle
27750.0,8,0.9001061453910805,baseline
27780.0,2,-0.6404194871859715,idle
27800.0,6,0.3865976011987298,baseline
27810.0,3,-0.3836652150897962,baseline
27840.0,2,-0.6404194871859715,idle
27850.0,6,0.3865976011987298,baseline
27870.0,2,-0.6404194871859715,idle
27900.0,8,0.9001061453910805,baseline
27930.0,3,-0.3836652150897962,baseline
27950.0,6,0.3865976011987298,baseline
27960.0,2,-0.6404194871859715,idle
27990.0,2,-0.6404194871859715,idle
28000.0,6,0.3865976011987298,baseline
28020.0,2,-0.6404194871859715,idle
28050.0,3,-0.3836652150897962,baseline
28060.0,6,0.3865976011987298,baseline
28080.0,2,-0.6404194871859715,idle
28110.0,8,0.9001061453910805,baseline
28140.0,2,-0.6404194871859715,idle
28160.0,6,0.3865976011987298,baseline
28170.0,3,-0.3836652150897962,baseline
28200.0,2,-0.6404194871859715,idle
28210.0,6,0.3865976011987298,baseline
28230.0,2,-0.6404194871859715,idle
28260.0,2,-0.6404194871859715,idle
28270.0,6,0.3865976011987298,baseline
28290.0,3,-0.3836652150897962,baseline
28320.0,8,0.9001061453910805,baseline
28350.0,2,-0.6404194871859715,idle
28370.0,6,0.3865976011987298,baseline
28380.0,2,-0.6404194871859715,idle
28410.0,3,-0.3836652150897962,baseline
28420.0,6,0.3865976011987298,baseline
28440.0,2,-0.6404194871859715,idle
28470.0,2,-0.6404194871859715,idle
28480.0,6,0.3865976011987298,baseline
28500.0,4,-0.12691094299362085,baseline
28520.0,33,7.318962947795463,burst
28530.0,19,3.724403138449009,burst
28560.0,2,-0.6404194871859715,idle
28580.0,6,0.3865976011987298,baseline
28590.0,2,-0.6404194871859715,idle
28620.0,2,-0.6404194871859715,idle
28630.0,6,0.3865976011987298,baseline
28650.0,3,-0.3836652150897962,baseline
28680.0,8,0.9001061453910805,baseline
28710.0,2,-0.6404194871859715,idle
28730.0,6,0.3865976011987298,baseline
28740.0,2,-0.6404194871859715,idle
28770.0,3,-0.3836652150897962,baseline
28780.0,5,0.12984332910255447,baseline
28790.0,1,-0.8971737592821468,idle
28800.0,2,-0.6404194871859715,idle
28830.0,2,-0.6404194871859715,idle
28840.0,6,0.3865976011987298,baseline
28860.0,2,-0.6404194871859715,idle
28890.0,9,1.1568604174872559,baseline
28920.0,2,-0.6404194871859715,idle
28940.0,6,0.3865976011987298,baseline
28950.0,2,-0.6404194871859715,idle
28980.0,2,-0.6404194871859715,idle
28990.0,6,0.3865976011987298,baseline
29010.0,3,-0.3836652150897962,baseline
29040.0,8,0.9001061453910805,baseline
29070.0,2,-0.6404194871859715,idle
29100.0,8,0.9001061453910805,baseline
29130.0,3,-0.3836652150897962,baseline
29150.0,6,0.3865976011987298,baseline
29160.0,2,-0.6404194871859715,idle
29190.0,2,-0.6404194871859715,idle
29200.0,6,0.3865976011987298,baseline
29220.0,2,-0.6404194871859715,idle
29250.0,9,1.1568604174872559,baseline
29280.0,2,-0.6404194871859715,idle
29300.0,6,0.3865976011987298,baseline
29310.0,2,-0.6404194871859715,idle
29340.0,2,-0.6404194871859715,idle
29360.0,6,0.3865976011987298,baseline
29370.0,3,-0.3836652150897962,baseline
29400.0,2,-0.6404194871859715,idle
29410.0,6,0.3865976011987298,baseline
29430.0,3,-0.3836652150897962,baseline
29440.0,7,0.6433518732949052,baseline
29460.0,8,0.9001061453910805,baseline
29490.0,3,-0.3836652150897962,baseline
29510.0,6,0.3865976011987298,baseline
29520.0,2,-0.6404194871859715,idle
29550.0,2,-0.6404194871859715,idle
29560.0,6,0.3865976011987298,baseline
29580.0,2,-0.6404194871859715,idle
29610.0,6,0.3865976011987298,baseline
29620.0,4,-0.12691094299362085,baseline
29640.0,2,-0.6404194871859715,idle
29670.0,8,0.9001061453910805,baseline
29700.0,2,-0.6404194871859715,idle
29720.0,6,0.3865976011987298,baseline
29730.0,4,-0.12691094299362085,baseline
29760.0,2,-0.6404194871859715,idle
29770.0,6,0.3865976011987298,baseline
29790.0,2,-0.6404194871859715,idle
29820.0,2,-0.6404194871859715,idle
29830.0,6,0.3865976011987298,baseline
29850.0,3,-0.3836652150897962,baseline
29880.0,8,0.9001061453910805,baseline
29910.0,2,-0.6404194871859715,idle
29930.0,6,0.3865976011987298,baseline
29940.0,2,-0.6404194871859715,idle
29970.0,3,-0.3836652150897962,baseline
29980.0,6,0.3865976011987298,baseline
30000.0,2,-0.6404194871859715,idle
30030.0,8,0.9001061453910805,baseline
30060.0,2,-0.6404194871859715,idle
30090.0,9,1.1568604174872559,baseline
30120.0,2,-0.6404194871859715,idle
30140.0,6,0.3865976011987298,baseline
30150.0,2,-0.6404194871859715,idle
30180.0,2,-0.6404194871859715,idle
30190.0,6,0.3865976011987298,baseline
30210.0,3,-0.3836652150897962,baseline
30240.0,8,0.9001061453910805,baseline
30270.0,2,-0.6404194871859715,idle
30290.0,6,0.3865976011987298,baseline
30300.0,2,-0.6404194871859715,idle
30330.0,3,-0.3836652150897962,baseline
30340.0,16,2.954140322160483,burst
30360.0,2,-0.6404194871859715,idle
30390.0,2,-0.6404194871859715,idle
30400.0,6,0.3865976011987298,baseline
30420.0,2,-0.6404194871859715,idle
30450.0,9,1.1568604174872559,baseline
30480.0,2,-0.6404194871859715,idle
30500.0,6,0.3865976011987298,baseline
30510.0,2,-0.6404194871859715,idle
30540.0,2,-0.6404194871859715,idle
30550.0,6,0.3865976011987298,baseline
30570.0,6,0.3865976011987298,baseline
30600.0,2,-0.6404194871859715,idle
30610.0,6,0.3865976011987298,baseline
30630.0,2,-0.6404194871859715,idle
30660.0,8,0.9001061453910805,baseline
30690.0,4,-0.12691094299362085,baseline
30710.0,6,0.3865976011987298,baseline
30720.0,2,-0.6404194871859715,idle
30750.0,2,-0.6404194871859715,idle
30760.0,8,0.9001061453910805,baseline
30780.0,2,-0.6404194871859715,idle
30810.0,9,1.1568604174872559,baseline
30840.0,2,-0.6404194871859715,idle
30860.0,6,0.3865976011987298,baseline
30870.0,2,-0.6404194871859715,idle
30900.0,2,-0.6404194871859715,idle
30910.0,4,-0.12691094299362085,baseline
30920.0,2,-0.6404194871859715,idle
30930.0,3,-0.3836652150897962,baseline
30960.0,2,-0.6404194871859715,idle
30970.0,6,0.3865976011987298,baseline
30990.0,2,-0.6404194871859715,idle
31020.0,8,0.9001061453910805,baseline
31040.0,2,-0.6404194871859715,idle
31050.0,3,-0.3836652150897962,baseline
31070.0,6,0.3865976011987298,baseline
31080.0,2,-0.6404194871859715,idle
31110.0,2,-0.6404194871859715,idle
31120.0,6,0.3865976011987298,baseline
31140.0,2,-0.6404194871859715,idle
31170.0,3,-0.3836652150897962,baseline
31180.0,6,0.3865976011987298,baseline
31200.0,2,-0.6404194871859715,idle
31230.0,8,0.9001061453910805,baseline
31240.0,10,1.4136146895834312,baseline
31260.0,2,-0.6404194871859715,idle
31280.0,6,0.3865976011987298,baseline
31290.0,3,-0.3836652150897962,baseline
31320.0,2,-0.6404194871859715,idle
31330.0,6,0.3865976011987298,baseline
31350.0,2,-0.6404194871859715,idle
31380.0,8,0.9001061453910805,baseline
31410.0,3,-0.3836652150897962,baseline
31440.0,8,0.9001061453910805,baseline
31470.0,2,-0.6404194871859715,idle
31490.0,6,0.3865976011987298,baseline
31500.0,2,-0.6404194871859715,idle
31530.0,3,-0.3836652150897962,baseline
31540.0,8,0.9001061453910805,baseline
31560.0,2,-0.6404194871859715,idle
31590.0,8,0.9001061453910805,baseline
31620.0,2,-0.6404194871859715,idle
31640.0,6,0.3865976011987298,baseline
31650.0,3,-0.3836652150897962,baseline
31680.0,2,-0.6404194871859715,idle
31690.0,6,0.3865976011987298,baseline
31710.0,2,-0.6404194871859715,idle
31740.0,2,-0.6404194871859715,idle
31750.0,6,0.3865976011987298,baseline
31770.0,3,-0.3836652150897962,baseline
31800.0,8,0.9001061453910805,baseline
31830.0,2,-0.6404194871859715,idle
31850.0,6,0.3865976011987298,baseline
31860.0,2,-0.6404194871859715,idle
31890.0,3,-0.3836652150897962,baseline
31900.0,6,0.3865976011987298,baseline
31920.0,2,-0.6404194871859715,idle
31950.0,8,0.9001061453910805,baseline
31980.0,2,-0.6404194871859715,idle
32000.0,6,0.3865976011987298,baseline
32010.0,3,-0.3836652150897962,baseline
32040.0,2,-0.6404194871859715,idle
32060.0,6,0.3865976011987298,baseline
32070.0,2,-0.6404194871859715,idle
32100.0,2,-0.6404194871859715,idle
32110.0,6,0.3865976011987298,baseline
32120.0,34,7.575717219891639,burst
32130.0,3,-0.3836652150897962,baseline
32140.0,8,0.9001061453910805,baseline
32160.0,8,0.9001061453910805,baseline
32190.0,2,-0.6404194871859715,idle
32210.0,6,0.3865976011987298,baseline
32220.0,2,-0.6404194871859715,idle
32250.0,3,-0.3836652150897962,baseline
32260.0,6,0.3865976011987298,baseline
32280.0,2,-0.6404194871859715,idle
32310.0,2,-0.6404194871859715,idle
32320.0,6,0.3865976011987298,baseline
32340.0,2,-0.6404194871859715,idle
32370.0,9,1.1568604174872559,baseline
32400.0,2,-0.6404194871859715,idle
32420.0,6,0.3865976011987298,baseline
32430.0,2,-0.6404194871859715,idle
32460.0,2,-0.6404194871859715,idle
32470.0,6,0.3865976011987298,baseline
32490.0,3,-0.3836652150897962,baseline
32520.0,8,0.9001061453910805,baseline
32550.0,2,-0.6404194871859715,idle
32580.0,8,0.9001061453910805,baseline
32610.0,3,-0.3836652150897962,baseline
32630.0,6,0.3865976011987298,baseline
32640.0,2,-0.6404194871859715,idle
32670.0,2,-0.6404194871859715,idle
32680.0,6,0.3865976011987298,baseline
32700.0,2,-0.6404194871859715,idle
32730.0,9,1.1568604174872559,baseline
32760.0,2,-0.6404194871859715,idle
32780.0,6,0.3865976011987298,baseline
32790.0,2,-0.6404194871859715,idle
32820.0,2,-0.6404194871859715,idle
32840.0,6,0.3865976011987298,baseline
32850.0,3,-0.3836652150897962,baseline
32880.0,2,-0.6404194871859715,idle
32890.0,6,0.3865976011987298,baseline
32910.0,2,-0.6404194871859715,idle
32940.0,8,0.9001061453910805,baseline
32970.0,3,-0.3836652150897962,baseline
32990.0,6,0.3865976011987298,baseline
33000.0,2,-0.6404194871859715,idle
33030.0,2,-0.6404194871859715,idle
33040.0,14,2.4406317779681324,burst
33060.0,2,-0.6404194871859715,idle
33090.0,9,1.1568604174872559,baseline
33120.0,2,-0.6404194871859715,idle
33140.0,5,0.12984332910255447,baseline
33150.0,3,-0.3836652150897962,baseline
33180.0,2,-0.6404194871859715,idle
33200.0,6,0.3865976011987298,baseline
33210.0,3,-0.3836652150897962,baseline
33240.0,2,-0.6404194871859715,idle
33250.0,6,0.3865976011987298,baseline
33270.0,2,-0.6404194871859715,idle
33300.0,8,0.9001061453910805,baseline
33330.0,3,-0.3836652150897962,baseline
33360.0,8,0.9001061453910805,baseline
33390.0,2,-0.6404194871859715,idle
33410.0,6,0.3865976011987298,baseline
33420.0,2,-0.6404194871859715,idle
33450.0,3,-0.3836652150897962,baseline
33460.0,6,0.3865976011987298,baseline
33480.0,2,-0.6404194871859715,idle
33510.0,8,0.9001061453910805,baseline
33540.0,2,-0.6404194871859715,idle
33560.0,6,0.3865976011987298,baseline
33570.0,3,-0.3836652150897962,baseline
33600.0,2,-0.6404194871859715,idle
33620.0,6,0.3865976011987298,baseline
33630.0,2,-0.6404194871859715,idle
33660.0,2,-0.6404194871859715,idle
33670.0,6,0.3865976011987298,baseline
33690.0,3,-0.3836652150897962,baseline
33720.0,8,0.9001061453910805,baseline
33750.0,2,-0.6404194871859715,idle
33770.0,6,0.3865976011987298,baseline
33780.0,2,-0.6404194871859715,idle
33810.0,3,-0.3836652150897962,baseline
33820.0,6,0.3865976011987298,baseline
33840.0,2,-0.6404194871859715,idle
33870.0,2,-0.6404194871859715,idle
33880.0,6,0.3865976011987298,baseline
33900.0,2,-0.6404194871859715,idle
33930.0,9,1.1568604174872559,baseline
33940.0,10,1.4136146895834312,baseline
33960.0,2,-0.6404194871859715,idle
33980.0,6,0.3865976011987298,baseline
33990.0,2,-0.6404194871859715,idle
34020.0,2,-0.6404194871859715,idle
34040.0,6,0.3865976011987298,baseline
34050.0,3,-0.3836652150897962,baseline
34080.0,2,-0.6404194871859715,idle
34090.0,6,0.3865976011987298,baseline
34110.0,2,-0.6404194871859715,idle
34140.0,8,0.9001061453910805,baseline
34170.0,3,-0.3836652150897962,baseline
34190.0,6,0.3865976011987298,baseline
34200.0,2,-0.6404194871859715,idle
34230.0,2,-0.6404194871859715,idle
34240.0,6,0.3865976011987298,baseline
34260.0,2,-0.6404194871859715,idle
34290.0,9,1.1568604174872559,baseline
34320.0,2,-0.6404194871859715,idle
34350.0,8,0.9001061453910805,baseline
34380.0,2,-0.6404194871859715,idle
34400.0,6,0.3865976011987298,baseline
34410.0,3,-0.3836652150897962,baseline
34440.0,2,-0.6404194871859715,idle
34450.0,6,0.3865976011987298,baseline
34470.0,2,-0.6404194871859715,idle
34500.0,8,0.9001061453910805,baseline
34530.0,3,-0.3836652150897962,baseline
34550.0,6,0.3865976011987298,baseline
34560.0,2,-0.6404194871859715,idle
34590.0,2,-0.6404194871859715,idle
34600.0,6,0.3865976011987298,baseline
34620.0,2,-0.6404194871859715,idle
34650.0,3,-0.3836652150897962,baseline
34660.0,6,0.3865976011987298,baseline
34680.0,2,-0.6404194871859715,idle
34710.0,8,0.9001061453910805,baseline
34740.0,2,-0.6404194871859715,idle
34760.0,6,0.3865976011987298,baseline
34770.0,3,-0.3836652150897962,baseline
34800.0,2,-0.6404194871859715,idle
34810.0,6,0.3865976011987298,baseline
34830.0,2,-0.6404194871859715,idle
34840.0,10,1.4136146895834312,baseline
34860.0,8,0.9001061453910805,baseline
34880.0,2,-0.6404194871859715,idle
34890.0,3,-0.3836652150897962,baseline
34920.0,8,0.9001061453910805,baseline
34950.0,2,-0.6404194871859715,idle
34970.0,6,0.3865976011987298,baseline
34980.0,4,-0.12691094299362085,baseline
35010.0,3,-0.3836652150897962,baseline
35020.0,6,0.3865976011987298,baseline
35040.0,2,-0.6404194871859715,idle
35070.0,8,0.9001061453910805,baseline
35100.0,2,-0.6404194871859715,idle
35120.0,6,0.3865976011987298,baseline
35130.0,3,-0.3836652150897962,baseline
35160.0,2,-0.6404194871859715,idle
35180.0,6,0.3865976011987298,baseline
35190.0,2,-0.6404194871859715,idle
35220.0,2,-0.6404194871859715,idle
35230.0,6,0.3865976011987298,baseline
35250.0,3,-0.3836652150897962,baseline
35280.0,8,0.9001061453910805,baseline
35290.0,2,-0.6404194871859715,idle
35310.0,2,-0.6404194871859715,idle
35330.0,6,0.3865976011987298,baseline
35340.0,2,-0.6404194871859715,idle
35370.0,3,-0.3836652150897962,baseline
35380.0,6,0.3865976011987298,baseline
35400.0,2,-0.6404194871859715,idle
35430.0,2,-0.6404194871859715,idle
35440.0,6,0.3865976011987298,baseline
35460.0,2,-0.6404194871859715,idle
35490.0,9,1.1568604174872559,baseline
35520.0,2,-0.6404194871859715,idle
35540.0,6,0.3865976011987298,baseline
35550.0,2,-0.6404194871859715,idle
35580.0,2,-0.6404194871859715,idle
35590.0,6,0.3865976011987298,baseline
35610.0,3,-0.3836652150897962,baseline
35640.0,8,0.9001061453910805,baseline
35670.0,2,-0.6404194871859715,idle
35690.0,6,0.3865976011987298,baseline
35700.0,4,-0.12691094299362085,baseline
35720.0,34,7.575717219891639,burst
35730.0,3,-0.3836652150897962,baseline
35740.0,9,1.1568604174872559,baseline
35750.0,6,0.3865976011987298,baseline
35760.0,2,-0.6404194871859715,idle
35790.0,2,-0.6404194871859715,idle
35800.0,6,0.3865976011987298,baseline
35820.0,2,-0.6404194871859715,idle
35850.0,9,1.1568604174872559,baseline
35880.0,2,-0.6404194871859715,idle
35900.0,6,0.3865976011987298,baseline
35910.0,2,-0.6404194871859715,idle
35940.0,2,-0.6404194871859715,idle
35960.0,6,0.3865976011987298,baseline
35970.0,3,-0.3836652150897962,baseline
36000.0,2,-0.6404194871859715,idle
36010.0,6,0.3865976011987298,baseline
36030.0,2,-0.6404194871859715,idle
36060.0,8,0.9001061453910805,baseline
36090.0,4,-0.12691094299362085,baseline
36110.0,6,0.3865976011987298,baseline
36120.0,2,-0.6404194871859715,idle
36150.0,2,-0.6404194871859715,idle
36160.0,6,0.3865976011987298,baseline
36180.0,2,-0.6404194871859715,idle
36210.0,10,1.4136146895834312,baseline
36220.0,1,-0.8971737592821468,idle
36240.0,2,-0.6404194871859715,idle
36270.0,8,0.9001061453910805,baseline
36300.0,2,-0.6404194871859715,idle
36320.0,6,0.3865976011987298,baseline
36330.0,3,-0.3836652150897962,baseline
36360.0,2,-0.6404194871859715,idle
36370.0,6,0.3865976011987298,baseline
36390.0,2,-0.6404194871859715,idle
36420.0,8,0.9001061453910805,baseline
36450.0,3,-0.3836652150897962,baseline
36470.0,5,0.12984332910255447,baseline
36480.0,3,-0.3836652150897962,baseline
36510.0,2,-0.6404194871859715,idle
36530.0,6,0.3865976011987298,baseline
36540.0,2,-0.6404194871859715,idle
36570.0,3,-0.3836652150897962,baseline
36580.0,6,0.3865976011987298,baseline
36600.0,2,-0.6404194871859715,idle
36630.0,8,0.9001061453910805,baseline
36640.0,8,0.9001061453910805,baseline
36660.0,2,-0.6404194871859715,idle
36680.0,6,0.3865976011987298,baseline
36690.0,3,-0.3836652150897962,baseline
36720.0,2,-0.6404194871859715,idle
36730.0,6,0.3865976011987298,baseline
36750.0,2,-0.6404194871859715,idle
36780.0,2,-0.6404194871859715,idle
36790.0,6,0.3865976011987298,baseline
36810.0,3,-0.3836652150897962,baseline
36840.0,8,0.9001061453910805,baseline
36870.0,2,-0.6404194871859715,idle
36890.0,6,0.3865976011987298,baseline
36900.0,2,-0.6404194871859715,idle
36930.0,3,-0.3836652150897962,baseline
36940.0,6,0.3865976011987298,baseline
36960.0,2,-0.6404194871859715,idle
36990.0,2,-0.6404194871859715,idle
37000.0,6,0.3865976011987298,baseline
37020.0,2,-0.6404194871859715,idle
37050.0,9,1.1568604174872559,baseline
37080.0,2,-0.6404194871859715,idle
37100.0,6,0.3865976011987298,baseline
37110.0,2,-0.6404194871859715,idle
37140.0,2,-0.6404194871859715,idle
37150.0,6,0.3865976011987298,baseline
37170.0,3,-0.3836652150897962,baseline
37200.0,8,0.9001061453910805,baseline
37230.0,2,-0.6404194871859715,idle
37260.0,8,0.9001061453910805,baseline
37290.0,3,-0.3836652150897962,baseline
37310.0,6,0.3865976011987298,baseline
37320.0,2,-0.6404194871859715,idle
37350.0,2,-0.6404194871859715,idle
37360.0,6,0.3865976011987298,baseline
37380.0,2,-0.6404194871859715,idle
37410.0,9,1.1568604174872559,baseline
37440.0,2,-0.6404194871859715,idle
37460.0,6,0.3865976011987298,baseline
37470.0,2,-0.6404194871859715,idle
37500.0,2,-0.6404194871859715,idle
37520.0,6,0.3865976011987298,baseline
37530.0,3,-0.3836652150897962,baseline
37540.0,10,1.4136146895834312,baseline
37560.0,2,-0.6404194871859715,idle
37570.0,6,0.3865976011987298,baseline
37590.0,2,-0.6404194871859715,idle
37620.0,8,0.9001061453910805,baseline
37650.0,3,-0.3836652150897962,baseline
37670.0,6,0.3865976011987298,baseline
37680.0,2,-0.6404194871859715,idle
37710.0,2,-0.6404194871859715,idle
37720.0,6,0.3865976011987298,baseline
37740.0,2,-0.6404194871859715,idle
37770.0,9,1.1568604174872559,baseline
37800.0,2,-0.6404194871859715,idle
37830.0,8,0.9001061453910805,baseline
37860.0,2,-0.6404194871859715,idle
37880.0,6,0.3865976011987298,baseline
37890.0,3,-0.3836652150897962,baseline
37920.0,2,-0.6404194871859715,idle
37930.0,6,0.3865976011987298,baseline
37950.0,2,-0.6404194871859715,idle
37980.0,8,0.9001061453910805,baseline
38010.0,3,-0.3836652150897962,baseline
38030.0,6,0.3865976011987298,baseline
38040.0,2,-0.6404194871859715,idle
38070.0,2,-0.6404194871859715,idle
38090.0,6,0.3865976011987298,baseline
38100.0,2,-0.6404194871859715,idle
38130.0,3,-0.3836652150897962,baseline
38140.0,6,0.3865976011987298,baseline
38160.0,2,-0.6404194871859715,idle
38190.0,8,0.9001061453910805,baseline
38220.0,2,-0.6404194871859715,idle
38240.0,6,0.3865976011987298,baseline
38250.0,3,-0.3836652150897962,baseline
38280.0,2,-0.6404194871859715,idle
38290.0,6,0.3865976011987298,baseline
38310.0,2,-0.6404194871859715,idle
38340.0,3,-0.3836652150897962,baseline
38350.0,5,0.12984332910255447,baseline
38370.0,3,-0.3836652150897962,baseline
38400.0,8,0.9001061453910805,baseline
38430.0,2,-0.6404194871859715,idle
38440.0,9,1.1568604174872559,baseline
38450.0,6,0.3865976011987298,baseline
38460.0,2,-0.6404194871859715,idle
38490.0,3,-0.3836652150897962,baseline
38500.0,6,0.3865976011987298,baseline
38520.0,2,-0.6404194871859715,idle
38550.0,8,0.9001061453910805,baseline
38580.0,2,-0.6404194871859715,idle
38600.0,6,0.3865976011987298,baseline
38610.0,3,-0.3836652150897962,baseline
38640.0,2,-0.6404194871859715,idle
38660.0,6,0.3865976011987298,baseline
38670.0,2,-0.6404194871859715,idle
38700.0,2,-0.6404194871859715,idle
38710.0,6,0.3865976011987298,baseline
38730.0,3,-0.3836652150897962,baseline
38760.0,8,0.9001061453910805,baseline
38790.0,2,-0.6404194871859715,idle
38810.0,6,0.3865976011987298,baseline
38820.0,2,-0.6404194871859715,idle
38850.0,3,-0.3836652150897962,baseline
38860.0,6,0.3865976011987298,baseline
38880.0,2,-0.6404194871859715,idle
38910.0,5,0.12984332910255447,baseline
38920.0,3,-0.3836652150897962,baseline
38940.0,2,-0.6404194871859715,idle
38970.0,9,1.1568604174872559,baseline
39000.0,2,-0.6404194871859715,idle
39020.0,6,0.3865976011987298,baseline
39030.0,2,-0.6404194871859715,idle
39060.0,4,-0.12691094299362085,baseline
39070.0,6,0.3865976011987298,baseline
39090.0,3,-0.3836652150897962,baseline
39120.0,2,-0.6404194871859715,idle
39130.0,6,0.3865976011987298,baseline
39150.0,2,-0.6404194871859715,idle
39180.0,8,0.9001061453910805,baseline
39200.0,2,-0.6404194871859715,idle
39210.0,3,-0.3836652150897962,baseline
39230.0,6,0.3865976011987298,baseline
39240.0,2,-0.6404194871859715,idle
39270.0,2,-0.6404194871859715,idle
39280.0,6,0.3865976011987298,baseline
39300.0,2,-0.6404194871859715,idle
39320.0,34,7.575717219891639,burst
39330.0,3,-0.3836652150897962,baseline
39340.0,14,2.4406317779681324,burst
39360.0,2,-0.6404194871859715,idle
39390.0,8,0.9001061453910805,baseline
39420.0,2,-0.6404194871859715,idle
39440.0,6,0.3865976011987298,baseline
39450.0,3,-0.3836652150897962,baseline
39480.0,2,-0.6404194871859715,idle
39490.0,6,0.3865976011987298,baseline
39510.0,2,-0.6404194871859715,idle
39540.0,8,0.9001061453910805,baseline
39570.0,3,-0.3836652150897962,baseline
39600.0,8,0.9001061453910805,baseline
39610.0,2,-0.6404194871859715,idle
39630.0,2,-0.6404194871859715,idle
39650.0,6,0.3865976011987298,baseline
39660.0,2,-0.6404194871859715,idle
39690.0,3,-0.3836652150897962,baseline
39700.0,6,0.3865976011987298,baseline
39720.0,2,-0.6404194871859715,idle
39750.0,8,0.9001061453910805,baseline
39780.0,2,-0.6404194871859715,idle
39800.0,6,0.3865976011987298,baseline
39810.0,3,-0.3836652150897962,baseline
39840.0,2,-0.6404194871859715,idle
39860.0,6,0.3865976011987298,baseline
39870.0,2,-0.6404194871859715,idle
39900.0,2,-0.6404194871859715,idle
39910.0,6,0.3865976011987298,baseline
39930.0,3,-0.3836652150897962,baseline
39960.0,8,0.9001061453910805,baseline
39990.0,2,-0.6404194871859715,idle
40010.0,8,0.9001061453910805,baseline
40020.0,2,-0.6404194871859715,idle
40050.0,3,-0.3836652150897962,baseline
40060.0,6,0.3865976011987298,baseline
40080.0,2,-0.6404194871859715,idle
40110.0,2,-0.6404194871859715,idle
40120.0,6,0.3865976011987298,baseline
40140.0,2,-0.6404194871859715,idle
40170.0,9,1.1568604174872559,baseline
40200.0,2,-0.6404194871859715,idle
40220.0,6,0.3865976011987298,baseline
40230.0,2,-0.6404194871859715,idle
40240.0,10,1.4136146895834312,baseline
40260.0,2,-0.6404194871859715,idle
40270.0,6,0.3865976011987298,baseline
40290.0,3,-0.3836652150897962,baseline
40320.0,2,-0.6404194871859715,idle
40330.0,6,0.3865976011987298,baseline
40350.0,2,-0.6404194871859715,idle
40380.0,8,0.9001061453910805,baseline
40410.0,3,-0.3836652150897962,baseline
40430.0,6,0.3865976011987298,baseline
40440.0,2,-0.6404194871859715,idle
40470.0,2,-0.6404194871859715,idle
40480.0,6,0.3865976011987298,baseline
40500.0,2,-0.6404194871859715,idle
40530.0,9,1.1568604174872559,baseline
40560.0,2,-0.6404194871859715,idle
40580.0,6,0.3865976011987298,baseline
40590.0,2,-0.6404194871859715,idle
40620.0,2,-0.6404194871859715,idle
40640.0,6,0.3865976011987298,baseline
40650.0,3,-0.3836652150897962,baseline
40680.0,2,-0.6404194871859715,idle
40690.0,6,0.3865976011987298,baseline
40710.0,2,-0.6404194871859715,idle
40740.0,8,0.9001061453910805,baseline
40770.0,3,-0.3836652150897962,baseline
40790.0,6,0.3865976011987298,baseline
40800.0,2,-0.6404194871859715,idle
40830.0,2,-0.6404194871859715,idle
40850.0,6,0.3865976011987298,baseline
40860.0,2,-0.6404194871859715,idle
40890.0,3,-0.3836652150897962,baseline
40900.0,6,0.3865976011987298,baseline
40920.0,2,-0.6404194871859715,idle
40950.0,8,0.9001061453910805,baseline
40980.0,2,-0.6404194871859715,idle
41000.0,6,0.3865976011987298,baseline
41010.0,3,-0.3836652150897962,baseline
41040.0,2,-0.6404194871859715,idle
41050.0,6,0.3865976011987298,baseline
41070.0,2,-0.6404194871859715,idle
41100.0,2,-0.6404194871859715,idle
41110.0,6,0.3865976011987298,baseline
41130.0,3,-0.3836652150897962,baseline
41140.0,8,0.9001061453910805,baseline
41160.0,8,0.9001061453910805,baseline
41190.0,2,-0.6404194871859715,idle
41210.0,6,0.3865976011987298,baseline
41220.0,2,-0.6404194871859715,idle
41250.0,3,-0.3836652150897962,baseline
41260.0,6,0.3865976011987298,baseline
41280.0,2,-0.6404194871859715,idle
41310.0,8,0.9001061453910805,baseline
41340.0,2,-0.6404194871859715,idle
41370.0,9,1.1568604174872559,baseline
41400.0,2,-0.6404194871859715,idle
41420.0,6,0.3865976011987298,baseline
41430.0,2,-0.6404194871859715,idle
41460.0,2,-0.6404194871859715,idle
41470.0,6,0.3865976011987298,baseline
41490.0,3,-0.3836652150897962,baseline
41520.0,8,0.9001061453910805,baseline
41550.0,2,-0.6404194871859715,idle
41570.0,6,0.3865976011987298,baseline
41580.0,2,-0.6404194871859715,idle
41610.0,3,-0.3836652150897962,baseline
41630.0,6,0.3865976011987298,baseline
41640.0,2,-0.6404194871859715,idle
41670.0,2,-0.6404194871859715,idle
41680.0,6,0.3865976011987298,baseline
41700.0,2,-0.6404194871859715,idle
41730.0,9,1.1568604174872559,baseline
41760.0,2,-0.6404194871859715,idle
41780.0,6,0.3865976011987298,baseline
41790.0,2,-0.6404194871859715,idle
41820.0,2,-0.6404194871859715,idle
41840.0,6,0.3865976011987298,baseline
41850.0,3,-0.3836652150897962,baseline
41880.0,2,-0.6404194871859715,idle
41890.0,6,0.3865976011987298,baseline
41910.0,2,-0.6404194871859715,idle
41940.0,8,0.9001061453910805,baseline
41970.0,3,-0.3836652150897962,baseline
41990.0,6,0.3865976011987298,baseline
42000.0,2,-0.6404194871859715,idle
42030.0,2,-0.6404194871859715,idle
42040.0,16,2.954140322160483,burst
42060.0,2,-0.6404194871859715,idle
42090.0,3,-0.3836652150897962,baseline
42100.0,6,0.3865976011987298,baseline
42120.0,2,-0.6404194871859715,idle
42150.0,8,0.9001061453910805,baseline
42180.0,2,-0.6404194871859715,idle
42200.0,6,0.3865976011987298,baseline
42210.0,3,-0.3836652150897962,baseline
42240.0,2,-0.6404194871859715,idle
42250.0,6,0.3865976011987298,baseline
42270.0,2,-0.6404194871859715,idle
42300.0,8,0.9001061453910805,baseline
42330.0,3,-0.3836652150897962,baseline
42360.0,8,0.9001061453910805,baseline
42390.0,2,-0.6404194871859715,idle
42410.0,6,0.3865976011987298,baseline
42420.0,2,-0.6404194871859715,idle
42450.0,3,-0.3836652150897962,baseline
42460.0,6,0.3865976011987298,baseline
42480.0,2,-0.6404194871859715,idle
42510.0,8,0.9001061453910805,baseline
42540.0,2,-0.6404194871859715,idle
42560.0,6,0.3865976011987298,baseline
42570.0,3,-0.3836652150897962,baseline
42600.0,2,-0.6404194871859715,idle
42620.0,6,0.3865976011987298,baseline
42630.0,2,-0.6404194871859715,idle
42660.0,2,-0.6404194871859715,idle
42670.0,6,0.3865976011987298,baseline
42690.0,3,-0.3836652150897962,baseline
42720.0,8,0.9001061453910805,baseline
42750.0,2,-0.6404194871859715,idle
42770.0,6,0.3865976011987298,baseline
42780.0,2,-0.6404194871859715,idle
42810.0,3,-0.3836652150897962,baseline
42820.0,6,0.3865976011987298,baseline
42840.0,2,-0.6404194871859715,idle
42870.0,8,0.9001061453910805,baseline
42900.0,2,-0.6404194871859715,idle
42920.0,51,11.94053984552662,burst
42930.0,8,0.9001061453910805,baseline
42940.0,10,1.4136146895834312,baseline
42960.0,2,-0.6404194871859715,idle
42980.0,6,0.3865976011987298,baseline
42990.0,2,-0.6404194871859715,idle
43020.0,2,-0.6404194871859715,idle
43030.0,6,0.3865976011987298,baseline
43050.0,3,-0.3836652150897962,baseline
43080.0,8,0.9001061453910805,baseline
43110.0,2,-0.6404194871859715,idle
43130.0,6,0.3865976011987298,baseline
43140.0,2,-0.6404194871859715,idle
43170.0,3,-0.3836652150897962,baseline
43190.0,6,0.3865976011987298,baseline
43200.0,2,-0.6404194871859715,idle
43230.0,2,-0.6404194871859715,idle
43240.0,6,0.3865976011987298,baseline
43260.0,2,-0.6404194871859715,idle
43290.0,10,1.4136146895834312,baseline
43320.0,2,-0.6404194871859715,idle
43340.0,6,0.3865976011987298,baseline
43350.0,4,-0.12691094299362085,baseline
43380.0,2,-0.6404194871859715,idle
43390.0,6,0.3865976011987298,baseline
43410.0,6,0.3865976011987298,baseline
43440.0,2,-0.6404194871859715,idle
43450.0,6,0.3865976011987298,baseline
43470.0,2,-0.6404194871859715,idle
43500.0,8,0.9001061453910805,baseline
43530.0,3,-0.3836652150897962,baseline
43550.0,6,0.3865976011987298,baseline
43560.0,2,-0.6404194871859715,idle
43590.0,2,-0.6404194871859715,idle
43600.0,6,0.3865976011987298,baseline
43620.0,2,-0.6404194871859715,idle
43650.0,9,1.1568604174872559,baseline
43680.0,2,-0.6404194871859715,idle
43710.0,8,0.9001061453910805,baseline
43740.0,2,-0.6404194871859715,idle
43750.0,2,-0.6404194871859715,idle
43760.0,6,0.3865976011987298,baseline
43770.0,3,-0.3836652150897962,baseline
43800.0,2,-0.6404194871859715,idle
43810.0,6,0.3865976011987298,baseline
43830.0,2,-0.6404194871859715,idle
43840.0,10,1.4136146895834312,baseline
43860.0,8,0.9001061453910805,baseline
43890.0,3,-0.3836652150897962,baseline
43910.0,6,0.3865976011987298,baseline
43920.0,2,-0.6404194871859715,idle
43950.0,2,-0.6404194871859715,idle
43970.0,6,0.3865976011987298,baseline
43980.0,2,-0.6404194871859715,idle
44010.0,3,-0.3836652150897962,baseline
44020.0,6,0.3865976011987298,baseline
44040.0,2,-0.6404194871859715,idle
44070.0,8,0.9001061453910805,baseline
44100.0,2,-0.6404194871859715,idle
44120.0,6,0.3865976011987298,baseline
44130.0,3,-0.3836652150897962,baseline
44160.0,2,-0.6404194871859715,idle
44170.0,5,0.12984332910255447,baseline
44180.0,1,-0.8971737592821468,idle
44190.0,2,-0.6404194871859715,idle
44220.0,2,-0.6404194871859715,idle
44230.0,6,0.3865976011987298,baseline
44250.0,3,-0.3836652150897962,baseline
44280.0,8,0.9001061453910805,baseline
44310.0,2,-0.6404194871859715,idle
44330.0,6,0.3865976011987298,baseline
44340.0,2,-0.6404194871859715,idle
44360.0,2,-0.6404194871859715,idle
44370.0,3,-0.3836652150897962,baseline
44380.0,6,0.3865976011987298,baseline
44400.0,2,-0.6404194871859715,idle
44430.0,8,0.9001061453910805,baseline
44460.0,2,-0.6404194871859715,idle
44490.0,9,1.1568604174872559,baseline
44520.0,2,-0.6404194871859715,idle
44540.0,6,0.3865976011987298,baseline
44550.0,2,-0.6404194871859715,idle
44580.0,2,-0.6404194871859715,idle
44590.0,6,0.3865976011987298,baseline
44610.0,3,-0.3836652150897962,baseline
44640.0,8,0.9001061453910805,baseline
44670.0,2,-0.6404194871859715,idle
44690.0,6,0.3865976011987298,baseline
44700.0,2,-0.6404194871859715,idle
44730.0,3,-0.3836652150897962,baseline
44740.0,16,2.954140322160483,burst
44760.0,2,-0.6404194871859715,idle
44790.0,2,-0.6404194871859715,idle
44800.0,6,0.3865976011987298,baseline
44820.0,2,-0.6404194871859715,idle
44850.0,9,1.1568604174872559,baseline
44880.0,2,-0.6404194871859715,idle
44900.0,6,0.3865976011987298,baseline
44910.0,2,-0.6404194871859715,idle
44940.0,2,-0.6404194871859715,idle
44950.0,6,0.3865976011987298,baseline
44970.0,3,-0.3836652150897962,baseline
45000.0,8,0.9001061453910805,baseline
45030.0,2,-0.6404194871859715,idle
45060.0,8,0.9001061453910805,baseline
45090.0,3,-0.3836652150897962,baseline
45110.0,6,0.3865976011987298,baseline
45120.0,2,-0.6404194871859715,idle
45150.0,2,-0.6404194871859715,idle
45160.0,6,0.3865976011987298,baseline
45180.0,2,-0.6404194871859715,idle
45210.0,9,1.1568604174872559,baseline
45240.0,2,-0.6404194871859715,idle
45260.0,1,-0.8971737592821468,idle
45270.0,7,0.6433518732949052,baseline
45300.0,2,-0.6404194871859715,idle
45320.0,6,0.3865976011987298,baseline
45330.0,4,-0.12691094299362085,baseline
45360.0,2,-0.6404194871859715,idle
45370.0,6,0.3865976011987298,baseline
45390.0,2,-0.6404194871859715,idle
45420.0,34,7.575717219891639,burst
45450.0,5,0.12984332910255447,baseline
45470.0,6,0.3865976011987298,baseline
45480.0,2,-0.6404194871859715,idle
45510.0,2,-0.6404194871859715,idle
45520.0,6,0.3865976011987298,baseline
45540.0,2,-0.6404194871859715,idle
45570.0,9,1.1568604174872559,baseline
45600.0,2,-0.6404194871859715,idle
45620.0,6,0.3865976011987298,baseline
45630.0,2,-0.6404194871859715,idle
45640.0,10,1.4136146895834312,baseline
45660.0,2,-0.6404194871859715,idle
45680.0,6,0.3865976011987298,baseline
45690.0,3,-0.3836652150897962,baseline
45720.0,2,-0.6404194871859715,idle
45730.0,6,0.3865976011987298,baseline
45750.0,2,-0.6404194871859715,idle
45780.0,8,0.9001061453910805,baseline
45810.0,3,-0.3836652150897962,baseline
45830.0,6,0.3865976011987298,baseline
45840.0,2,-0.6404194871859715,idle
45870.0,2,-0.6404194871859715,idle
45880.0,6,0.3865976011987298,baseline
45900.0,2,-0.6404194871859715,idle
45930.0,3,-0.3836652150897962,baseline
45940.0,6,0.3865976011987298,baseline
45960.0,2,-0.6404194871859715,idle
45990.0,8,0.9001061453910805,baseline
46020.0,2,-0.6404194871859715,idle
46040.0,6,0.3865976011987298,baseline
46050.0,3,-0.3836652150897962,baseline
46080.0,2,-0.6404194871859715,idle
46090.0,6,0.3865976011987298,baseline
46110.0,2,-0.6404194871859715,idle
46140.0,8,0.9001061453910805,baseline
46170.0,3,-0.3836652150897962,baseline
46200.0,8,0.9001061453910805,baseline
46230.0,2,-0.6404194871859715,idle
46250.0,6,0.3865976011987298,baseline
46260.0,2,-0.6404194871859715,idle
46290.0,3,-0.3836652150897962,baseline
46300.0,6,0.3865976011987298,baseline
46320.0,2,-0.6404194871859715,idle
46350.0,8,0.9001061453910805,baseline
46380.0,2,-0.6404194871859715,idle
46410.0,9,1.1568604174872559,baseline
46440.0,2,-0.6404194871859715,idle
46460.0,6,0.3865976011987298,baseline
46470.0,2,-0.6404194871859715,idle
46500.0,2,-0.6404194871859715,idle
46510.0,6,0.3865976011987298,baseline
46520.0,34,7.575717219891639,burst
46530.0,3,-0.3836652150897962,baseline
46540.0,8,0.9001061453910805,baseline
46560.0,8,0.9001061453910805,baseline
46590.0,2,-0.6404194871859715,idle
46610.0,6,0.3865976011987298,baseline
46620.0,2,-0.6404194871859715,idle
46650.0,3,-0.3836652150897962,baseline
46670.0,6,0.3865976011987298,baseline
46680.0,2,-0.6404194871859715,idle
46710.0,2,-0.6404194871859715,idle
46720.0,6,0.3865976011987298,baseline
46740.0,2,-0.6404194871859715,idle
46770.0,9,1.1568604174872559,baseline
46800.0,2,-0.6404194871859715,idle
46820.0,6,0.3865976011987298,baseline
46830.0,2,-0.6404194871859715,idle
46860.0,2,-0.6404194871859715,idle
46870.0,6,0.3865976011987298,baseline
46890.0,3,-0.3836652150897962,baseline
46920.0,6,0.3865976011987298,baseline
46930.0,2,-0.6404194871859715,idle
46950.0,2,-0.6404194871859715,idle
46980.0,8,0.9001061453910805,baseline
47010.0,3,-0.3836652150897962,baseline
47030.0,6,0.3865976011987298,baseline
47040.0,2,-0.6404194871859715,idle
47070.0,2,-0.6404194871859715,idle
47080.0,6,0.3865976011987298,baseline
47100.0,2,-0.6404194871859715,idle
47130.0,9,1.1568604174872559,baseline
47160.0,2,-0.6404194871859715,idle
47180.0,6,0.3865976011987298,baseline
47190.0,2,-0.6404194871859715,idle
47220.0,2,-0.6404194871859715,idle
47240.0,6,0.3865976011987298,baseline
47250.0,3,-0.3836652150897962,baseline
47280.0,2,-0.6404194871859715,idle
47290.0,6,0.3865976011987298,baseline
47310.0,2,-0.6404194871859715,idle
47340.0,8,0.9001061453910805,baseline
47370.0,3,-0.3836652150897962,baseline
47390.0,6,0.3865976011987298,baseline
47400.0,2,-0.6404194871859715,idle
47430.0,2,-0.6404194871859715,idle
47440.0,14,2.4406317779681324,burst
47460.0,2,-0.6404194871859715,idle
47490.0,9,1.1568604174872559,baseline
47520.0,2,-0.6404194871859715,idle
47550.0,8,0.9001061453910805,baseline
47580.0,2,-0.6404194871859715,idle
47600.0,6,0.3865976011987298,baseline
47610.0,3,-0.3836652150897962,baseline
47640.0,2,-0.6404194871859715,idle
47650.0,8,0.9001061453910805,baseline
47670.0,2,-0.6404194871859715,idle
47690.0,2,-0.6404194871859715,idle
47700.0,8,0.9001061453910805,baseline
47730.0,3,-0.3836652150897962,baseline
47760.0,8,0.9001061453910805,baseline
47790.0,2,-0.6404194871859715,idle
47810.0,6,0.3865976011987298,baseline
47820.0,2,-0.6404194871859715,idle
47850.0,3,-0.3836652150897962,baseline
47860.0,6,0.3865976011987298,baseline
47880.0,2,-0.6404194871859715,idle
47910.0,8,0.9001061453910805,baseline
47940.0,2,-0.6404194871859715,idle
47960.0,8,0.9001061453910805,baseline
47970.0,3,-0.3836652150897962,baseline
48000.0,2,-0.6404194871859715,idle
48020.0,6,0.3865976011987298,baseline
48030.0,2,-0.6404194871859715,idle
48060.0,2,-0.6404194871859715,idle
48070.0,6,0.3865976011987298,baseline
48090.0,3,-0.3836652150897962,baseline
48120.0,8,0.9001061453910805,baseline
48150.0,2,-0.6404194871859715,idle
48170.0,6,0.3865976011987298,baseline
48180.0,2,-0.6404194871859715,idle
48210.0,3,-0.3836652150897962,baseline
48220.0,6,0.3865976011987298,baseline
48240.0,2,-0.6404194871859715,idle
48270.0,8,0.9001061453910805,baseline
48300.0,2,-0.6404194871859715,idle
48330.0,9,1.1568604174872559,baseline
48340.0,8,0.9001061453910805,baseline
48360.0,2,-0.6404194871859715,idle
48380.0,6,0.3865976011987298,baseline
48390.0,2,-0.6404194871859715,idle
48420.0,2,-0.6404194871859715,idle
48430.0,6,0.3865976011987298,baseline
48450.0,3,-0.3836652150897962,baseline
48480.0,8,0.9001061453910805,baseline
48490.0,2,-0.6404194871859715,idle
48510.0,2,-0.6404194871859715,idle
48530.0,6,0.3865976011987298,baseline
48540.0,2,-0.6404194871859715,idle
48570.0,3,-0.3836652150897962,baseline
48590.0,6,0.3865976011987298,baseline
48600.0,2,-0.6404194871859715,idle
48630.0,2,-0.6404194871859715,idle
48640.0,6,0.3865976011987298,baseline
48660.0,2,-0.6404194871859715,idle
48690.0,9,1.1568604174872559,baseline
48720.0,2,-0.6404194871859715,idle
48740.0,6,0.3865976011987298,baseline
48750.0,2,-0.6404194871859715,idle
48780.0,2,-0.6404194871859715,idle
48800.0,6,0.3865976011987298,baseline
48810.0,3,-0.3836652150897962,baseline
48840.0,2,-0.6404194871859715,idle
48850.0,6,0.3865976011987298,baseline
48870.0,2,-0.6404194871859715,idle
48900.0,8,0.9001061453910805,baseline
48930.0,3,-0.3836652150897962,baseline
48950.0,6,0.3865976011987298,baseline
48960.0,2,-0.6404194871859715,idle
48990.0,2,-0.6404194871859715,idle
49000.0,6,0.3865976011987298,baseline
49020.0,2,-0.6404194871859715,idle
49050.0,9,1.1568604174872559,baseline
49080.0,2,-0.6404194871859715,idle
49100.0,1,-0.8971737592821468,idle
49110.0,7,0.6433518732949052,baseline
49140.0,2,-0.6404194871859715,idle
49160.0,6,0.3865976011987298,baseline
49170.0,3,-0.3836652150897962,baseline
49200.0,2,-0.6404194871859715,idle
49210.0,6,0.3865976011987298,baseline
49230.0,2,-0.6404194871859715,idle
49240.0,8,0.9001061453910805,baseline
49260.0,8,0.9001061453910805,baseline
49290.0,4,-0.12691094299362085,baseline
49310.0,6,0.3865976011987298,baseline
49320.0,2,-0.6404194871859715,idle
49350.0,2,-0.6404194871859715,idle
49360.0,3,-0.3836652150897962,baseline
49370.0,3,-0.3836652150897962,baseline
49380.0,2,-0.6404194871859715,idle
49410.0,4,-0.12691094299362085,baseline
49420.0,6,0.3865976011987298,baseline
49440.0,2,-0.6404194871859715,idle
49470.0,8,0.9001061453910805,baseline
49500.0,2,-0.6404194871859715,idle
49520.0,6,0.3865976011987298,baseline
49530.0,3,-0.3836652150897962,baseline
49560.0,2,-0.6404194871859715,idle
49570.0,6,0.3865976011987298,baseline
49590.0,2,-0.6404194871859715,idle
49620.0,7,0.6433518732949052,baseline
49630.0,1,-0.8971737592821468,idle
49650.0,3,-0.3836652150897962,baseline
49680.0,8,0.9001061453910805,baseline
49710.0,2,-0.6404194871859715,idle
49730.0,6,0.3865976011987298,baseline
49740.0,2,-0.6404194871859715,idle
49770.0,3,-0.3836652150897962,baseline
49780.0,6,0.3865976011987298,baseline
49800.0,2,-0.6404194871859715,idle
49830.0,8,0.9001061453910805,baseline
49860.0,2,-0.6404194871859715,idle
49880.0,6,0.3865976011987298,baseline
49890.0,3,-0.3836652150897962,baseline
49920.0,2,-0.6404194871859715,idle
49940.0,6,0.3865976011987298,baseline
49950.0,2,-0.6404194871859715,idle
49980.0,2,-0.6404194871859715,idle
49990.0,6,0.3865976011987298,baseline
50010.0,3,-0.3836652150897962,baseline
50040.0,8,0.9001061453910805,baseline
50070.0,2,-0.6404194871859715,idle
50090.0,6,0.3865976011987298,baseline
50100.0,2,-0.6404194871859715,idle
50120.0,34,7.575717219891639,burst
50130.0,3,-0.3836652150897962,baseline
50140.0,14,2.4406317779681324,burst
50160.0,2,-0.6404194871859715,idle
50190.0,2,-0.6404194871859715,idle
50200.0,6,0.3865976011987298,baseline
50220.0,2,-0.6404194871859715,idle
50250.0,9,1.1568604174872559,baseline
50280.0,2,-0.6404194871859715,idle
50300.0,6,0.3865976011987298,baseline
50310.0,2,-0.6404194871859715,idle
50340.0,2,-0.6404194871859715,idle
50350.0,6,0.3865976011987298,baseline
50370.0,3,-0.3836652150897962,baseline
50400.0,8,0.9001061453910805,baseline
50430.0,2,-0.6404194871859715,idle
50450.0,6,0.3865976011987298,baseline
50460.0,2,-0.6404194871859715,idle
50490.0,3,-0.3836652150897962,baseline
50500.0,4,-0.12691094299362085,baseline
50510.0,2,-0.6404194871859715,idle
50520.0,2,-0.6404194871859715,idle
50550.0,2,-0.6404194871859715,idle
50560.0,6,0.3865976011987298,baseline
50580.0,2,-0.6404194871859715,idle
50610.0,9,1.1568604174872559,baseline
50640.0,2,-0.6404194871859715,idle
50660.0,6,0.3865976011987298,baseline
50670.0,2,-0.6404194871859715,idle
50700.0,2,-0.6404194871859715,idle
50710.0,6,0.3865976011987298,baseline
50730.0,3,-0.3836652150897962,baseline
50760.0,2,-0.6404194871859715,idle
50770.0,6,0.3865976011987298,baseline
50790.0,2,-0.6404194871859715,idle
50820.0,8,0.9001061453910805,baseline
50850.0,3,-0.3836652150897962,baseline
50870.0,6,0.3865976011987298,baseline
50880.0,2,-0.6404194871859715,idle
50910.0,2,-0.6404194871859715,idle
50920.0,6,0.3865976011987298,baseline
50940.0,2,-0.6404194871859715,idle
50970.0,9,1.1568604174872559,baseline
51000.0,2,-0.6404194871859715,idle
51030.0,8,0.9001061453910805,baseline
51040.0,8,0.9001061453910805,baseline
51060.0,2,-0.6404194871859715,idle
51080.0,6,0.3865976011987298,baseline
51090.0,3,-0.3836652150897962,baseline
51120.0,2,-0.6404194871859715,idle
51130.0,6,0.3865976011987298,baseline
51150.0,2,-0.6404194871859715,idle
51180.0,8,0.9001061453910805,baseline
51210.0,3,-0.3836652150897962,baseline
51230.0,6,0.3865976011987298,baseline
51240.0,2,-0.6404194871859715,idle
51270.0,2,-0.6404194871859715,idle
51290.0,6,0.3865976011987298,baseline
51300.0,2,-0.6404194871859715,idle
51330.0,3,-0.3836652150897962,baseline
51340.0,6,0.3865976011987298,baseline
51360.0,2,-0.6404194871859715,idle
51390.0,8,0.9001061453910805,baseline
51420.0,2,-0.6404194871859715,idle
51440.0,6,0.3865976011987298,baseline
51450.0,3,-0.3836652150897962,baseline
51480.0,2,-0.6404194871859715,idle
51490.0,6,0.3865976011987298,baseline
51510.0,2,-0.6404194871859715,idle
51540.0,2,-0.6404194871859715,idle
51550.0,6,0.3865976011987298,baseline
51570.0,3,-0.3836652150897962,baseline
51600.0,8,0.9001061453910805,baseline
51630.0,2,-0.6404194871859715,idle
51650.0,6,0.3865976011987298,baseline
51660.0,2,-0.6404194871859715,idle
51690.0,3,-0.3836652150897962,baseline
51700.0,6,0.3865976011987298,baseline
51720.0,2,-0.6404194871859715,idle
51750.0,8,0.9001061453910805,baseline
51780.0,2,-0.6404194871859715,idle
51810.0,9,1.1568604174872559,baseline
51840.0,2,-0.6404194871859715,idle
51860.0,8,0.9001061453910805,baseline
51870.0,2,-0.6404194871859715,idle
51900.0,2,-0.6404194871859715,idle
51910.0,6,0.3865976011987298,baseline
51930.0,3,-0.3836652150897962,baseline
51940.0,8,0.9001061453910805,baseline
51950.0,2,-0.6404194871859715,idle
51960.0,8,0.9001061453910805,baseline
51990.0,2,-0.6404194871859715,idle
52010.0,6,0.3865976011987298,baseline
52020.0,2,-0.6404194871859715,idle
52050.0,3,-0.3836652150897962,baseline
52070.0,6,0.3865976011987298,baseline
52080.0,2,-0.6404194871859715,idle
52110.0,2,-0.6404194871859715,idle
52120.0,6,0.3865976011987298,baseline
52140.0,2,-0.6404194871859715,idle
52170.0,9,1.1568604174872559,baseline
52200.0,2,-0.6404194871859715,idle
52220.0,8,0.9001061453910805,baseline
52230.0,2,-0.6404194871859715,idle
52260.0,2,-0.6404194871859715,idle
52270.0,6,0.3865976011987298,baseline
52290.0,3,-0.3836652150897962,baseline
52320.0,8,0.9001061453910805,baseline
52350.0,2,-0.6404194871859715,idle
52380.0,8,0.9001061453910805,baseline
52410.0,3,-0.3836652150897962,baseline
52430.0,6,0.3865976011987298,baseline
52440.0,2,-0.6404194871859715,idle
52470.0,2,-0.6404194871859715,idle
52480.0,6,0.3865976011987298,baseline
52500.0,2,-0.6404194871859715,idle
52530.0,9,1.1568604174872559,baseline
52560.0,2,-0.6404194871859715,idle
52580.0,6,0.3865976011987298,baseline
52590.0,2,-0.6404194871859715,idle
52620.0,2,-0.6404194871859715,idle
52640.0,6,0.3865976011987298,baseline
52650.0,3,-0.3836652150897962,baseline
52680.0,2,-0.6404194871859715,idle
52690.0,6,0.3865976011987298,baseline
52710.0,2,-0.6404194871859715,idle
52740.0,8,0.9001061453910805,baseline
52770.0,3,-0.3836652150897962,baseline
52800.0,8,0.9001061453910805,baseline
52810.0,2,-0.6404194871859715,idle
52830.0,2,-0.6404194871859715,idle
52840.0,10,1.4136146895834312,baseline
52850.0,6,0.3865976011987298,baseline
52860.0,2,-0.6404194871859715,idle
52890.0,3,-0.3836652150897962,baseline
52900.0,6,0.3865976011987298,baseline
52920.0,2,-0.6404194871859715,idle
52950.0,8,0.9001061453910805,baseline
52980.0,2,-0.6404194871859715,idle
53000.0,6,0.3865976011987298,baseline
53010.0,3,-0.3836652150897962,baseline
53040.0,2,-0.6404194871859715,idle
53050.0,6,0.3865976011987298,baseline
53070.0,2,-0.6404194871859715,idle
53100.0,8,0.9001061453910805,baseline
53130.0,3,-0.3836652150897962,baseline
53150.0,6,0.3865976011987298,baseline
53160.0,2,-0.6404194871859715,idle
53190.0,2,-0.6404194871859715,idle
53210.0,6,0.3865976011987298,baseline
53220.0,2,-0.6404194871859715,idle
53250.0,3,-0.3836652150897962,baseline
53260.0,6,0.3865976011987298,baseline
53280.0,2,-0.6404194871859715,idle
53310.0,8,0.9001061453910805,baseline
53340.0,2,-0.6404194871859715,idle
53360.0,6,0.3865976011987298,baseline
53370.0,3,-0.3836652150897962,baseline
53400.0,2,-0.6404194871859715,idle
53410.0,6,0.3865976011987298,baseline
53430.0,2,-0.6404194871859715,idle
53460.0,3,-0.3836652150897962,baseline
53470.0,5,0.12984332910255447,baseline
53490.0,3,-0.3836652150897962,baseline
53520.0,8,0.9001061453910805,baseline
53550.0,2,-0.6404194871859715,idle
53570.0,6,0.3865976011987298,baseline
53580.0,2,-0.6404194871859715,idle
53610.0,3,-0.3836652150897962,baseline
53620.0,6,0.3865976011987298,baseline
53640.0,2,-0.6404194871859715,idle
53670.0,8,0.9001061453910805,baseline
53700.0,2,-0.6404194871859715,idle
53720.0,33,7.318962947795463,burst
53730.0,9,1.1568604174872559,baseline
53740.0,10,1.4136146895834312,baseline
53760.0,2,-0.6404194871859715,idle
53780.0,6,0.3865976011987298,baseline
53790.0,2,-0.6404194871859715,idle
53820.0,2,-0.6404194871859715,idle
53830.0,6,0.3865976011987298,baseline
53850.0,3,-0.3836652150897962,baseline
53880.0,8,0.9001061453910805,baseline
53910.0,2,-0.6404194871859715,idle
53930.0,6,0.3865976011987298,baseline
53940.0,2,-0.6404194871859715,idle
53970.0,3,-0.3836652150897962,baseline
53980.0,6,0.3865976011987298,baseline
54000.0,2,-0.6404194871859715,idle
54030.0,2,-0.6404194871859715,idle
54040.0,6,0.3865976011987298,baseline
54060.0,2,-0.6404194871859715,idle
54090.0,9,1.1568604174872559,baseline
54120.0,2,-0.6404194871859715,idle
54140.0,6,0.3865976011987298,baseline
54150.0,2,-0.6404194871859715,idle
54180.0,2,-0.6404194871859715,idle
54190.0,6,0.3865976011987298,baseline
54210.0,4,-0.12691094299362085,baseline
54240.0,8,0.9001061453910805,baseline
54270.0,2,-0.6404194871859715,idle
54300.0,8,0.9001061453910805,baseline
54330.0,4,-0.12691094299362085,baseline
54350.0,6,0.3865976011987298,baseline
54360.0,2,-0.6404194871859715,idle
54390.0,2,-0.6404194871859715,idle
54400.0,6,0.3865976011987298,baseline
54420.0,2,-0.6404194871859715,idle
54450.0,3,-0.3836652150897962,baseline
54460.0,6,0.3865976011987298,baseline
54480.0,2,-0.6404194871859715,idle
54510.0,8,0.9001061453910805,baseline
54540.0,2,-0.6404194871859715,idle
54560.0,6,0.3865976011987298,baseline
54570.0,3,-0.3836652150897962,baseline
54600.0,2,-0.6404194871859715,idle
54610.0,6,0.3865976011987298,baseline
54630.0,2,-0.6404194871859715,idle
54640.0,10,1.4136146895834312,baseline
54660.0,8,0.9001061453910805,baseline
54690.0,3,-0.3836652150897962,baseline
54710.0,2,-0.6404194871859715,idle
54720.0,6,0.3865976011987298,baseline
54750.0,2,-0.6404194871859715,idle
54770.0,6,0.3865976011987298,baseline
54780.0,2,-0.6404194871859715,idle
54810.0,3,-0.3836652150897962,baseline
54820.0,6,0.3865976011987298,baseline
54840.0,2,-0.6404194871859715,idle
54870.0,8,0.9001061453910805,baseline
54900.0,2,-0.6404194871859715,idle
54920.0,6,0.3865976011987298,baseline
54930.0,3,-0.3836652150897962,baseline
54960.0,2,-0.6404194871859715,idle
54970.0,6,0.3865976011987298,baseline
54990.0,2,-0.6404194871859715,idle
55020.0,2,-0.6404194871859715,idle
55030.0,6,0.3865976011987298,baseline
55050.0,4,-0.12691094299362085,baseline
55080.0,8,0.9001061453910805,baseline
55110.0,2,-0.6404194871859715,idle
55130.0,6,0.3865976011987298,baseline
55140.0,2,-0.6404194871859715,idle
55170.0,5,0.12984332910255447,baseline
55180.0,6,0.3865976011987298,baseline
55200.0,2,-0.6404194871859715,idle
55230.0,2,-0.6404194871859715,idle
55240.0,6,0.3865976011987298,baseline
55260.0,2,-0.6404194871859715,idle
55290.0,9,1.1568604174872559,baseline
55320.0,2,-0.6404194871859715,idle
55340.0,6,0.3865976011987298,baseline
55350.0,2,-0.6404194871859715,idle
55380.0,2,-0.6404194871859715,idle
55390.0,6,0.3865976011987298,baseline
55410.0,3,-0.3836652150897962,baseline
55440.0,8,0.9001061453910805,baseline
55470.0,2,-0.6404194871859715,idle
55500.0,8,0.9001061453910805,baseline
55530.0,3,-0.3836652150897962,baseline
55540.0,9,1.1568604174872559,baseline
55550.0,6,0.3865976011987298,baseline
55560.0,2,-0.6404194871859715,idle
55590.0,2,-0.6404194871859715,idle
55600.0,6,0.3865976011987298,baseline
55620.0,2,-0.6404194871859715,idle
55650.0,9,1.1568604174872559,baseline
55680.0,2,-0.6404194871859715,idle
55700.0,6,0.3865976011987298,baseline
55710.0,2,-0.6404194871859715,idle
55740.0,2,-0.6404194871859715,idle
55760.0,6,0.3865976011987298,baseline
55770.0,3,-0.3836652150897962,baseline
55800.0,2,-0.6404194871859715,idle
55810.0,6,0.3865976011987298,baseline
55830.0,2,-0.6404194871859715,idle
55860.0,8,0.9001061453910805,baseline
55890.0,3,-0.3836652150897962,baseline
55910.0,6,0.3865976011987298,baseline
55920.0,2,-0.6404194871859715,idle
55950.0,2,-0.6404194871859715,idle
55960.0,5,0.12984332910255447,baseline
55970.0,1,-0.8971737592821468,idle
55980.0,2,-0.6404194871859715,idle
56010.0,3,-0.3836652150897962,baseline
56020.0,6,0.3865976011987298,baseline
56040.0,2,-0.6404194871859715,idle
56070.0,8,0.9001061453910805,baseline
56100.0,2,-0.6404194871859715,idle
56120.0,6,0.3865976011987298,baseline
56130.0,3,-0.3836652150897962,baseline
56160.0,2,-0.6404194871859715,idle
56170.0,6,0.3865976011987298,baseline
56180.0,2,-0.6404194871859715,idle
56190.0,2,-0.6404194871859715,idle
56220.0,2,-0.6404194871859715,idle
56230.0,6,0.3865976011987298,baseline
56240.0,2,-0.6404194871859715,idle
56250.0,3,-0.3836652150897962,baseline
56280.0,8,0.9001061453910805,baseline
56310.0,2,-0.6404194871859715,idle
56330.0,6,0.3865976011987298,baseline
56340.0,2,-0.6404194871859715,idle
56370.0,3,-0.3836652150897962,baseline
56380.0,6,0.3865976011987298,baseline
56400.0,2,-0.6404194871859715,idle
56430.0,8,0.9001061453910805,baseline
56440.0,10,1.4136146895834312,baseline
56460.0,2,-0.6404194871859715,idle
56470.0,2,-0.6404194871859715,idle
56480.0,6,0.3865976011987298,baseline
56490.0,4,-0.12691094299362085,baseline
56520.0,2,-0.6404194871859715,idle
56540.0,6,0.3865976011987298,baseline
56550.0,2,-0.6404194871859715,idle
56580.0,2,-0.6404194871859715,idle
56590.0,6,0.3865976011987298,baseline
56610.0,4,-0.12691094299362085,baseline
56640.0,8,0.9001061453910805,baseline
56670.0,2,-0.6404194871859715,idle
56690.0,6,0.3865976011987298,baseline
56700.0,2,-0.6404194871859715,idle
56730.0,3,-0.3836652150897962,baseline
56740.0,6,0.3865976011987298,baseline
56760.0,2,-0.6404194871859715,idle
56790.0,8,0.9001061453910805,baseline
56820.0,2,-0.6404194871859715,idle
56850.0,9,1.1568604174872559,baseline
56880.0,2,-0.6404194871859715,idle
56900.0,6,0.3865976011987298,baseline
56910.0,2,-0.6404194871859715,idle
56940.0,2,-0.6404194871859715,idle
56950.0,6,0.3865976011987298,baseline
56970.0,3,-0.3836652150897962,baseline
57000.0,2,-0.6404194871859715,idle
57010.0,6,0.3865976011987298,baseline
57030.0,2,-0.6404194871859715,idle
57060.0,8,0.9001061453910805,baseline
57090.0,3,-0.3836652150897962,baseline
57110.0,6,0.3865976011987298,baseline
57120.0,4,-0.12691094299362085,baseline
57150.0,2,-0.6404194871859715,idle
57160.0,6,0.3865976011987298,baseline
57180.0,2,-0.6404194871859715,idle
57210.0,9,1.1568604174872559,baseline
57240.0,2,-0.6404194871859715,idle
57270.0,8,0.9001061453910805,baseline
57300.0,2,-0.6404194871859715,idle
57320.0,39,8.859488580372517,burst
57330.0,3,-0.3836652150897962,baseline
57340.0,9,1.1568604174872559,baseline
57360.0,2,-0.6404194871859715,idle
57370.0,6,0.3865976011987298,baseline
57390.0,2,-0.6404194871859715,idle
57420.0,8,0.9001061453910805,baseline
57450.0,3,-0.3836652150897962,baseline
57480.0,8,0.9001061453910805,baseline
57510.0,2,-0.6404194871859715,idle
57530.0,6,0.3865976011987298,baseline
57540.0,2,-0.6404194871859715,idle
57570.0,3,-0.3836652150897962,baseline
57580.0,6,0.3865976011987298,baseline
57600.0,2,-0.6404194871859715,idle
57630.0,8,0.9001061453910805,baseline
57660.0,2,-0.6404194871859715,idle
57680.0,6,0.3865976011987298,baseline
57690.0,3,-0.3836652150897962,baseline
57720.0,2,-0.6404194871859715,idle
57730.0,6,0.3865976011987298,baseline
57750.0,2,-0.6404194871859715,idle
57780.0,2,-0.6404194871859715,idle
57790.0,6,0.3865976011987298,baseline
57810.0,3,-0.3836652150897962,baseline
57840.0,8,0.9001061453910805,baseline
57870.0,2,-0.6404194871859715,idle
57890.0,6,0.3865976011987298,baseline
57900.0,2,-0.6404194871859715,idle
57930.0,3,-0.3836652150897962,baseline
57940.0,6,0.3865976011987298,baseline
57960.0,2,-0.6404194871859715,idle
57990.0,2,-0.6404194871859715,idle
58000.0,6,0.3865976011987298,baseline
58020.0,2,-0.6404194871859715,idle
58050.0,9,1.1568604174872559,baseline
58080.0,2,-0.6404194871859715,idle
58100.0,6,0.3865976011987298,baseline
58110.0,2,-0.6404194871859715,idle
58140.0,2,-0.6404194871859715,idle
58150.0,6,0.3865976011987298,baseline
58170.0,4,-0.12691094299362085,baseline
58200.0,8,0.9001061453910805,baseline
58230.0,2,-0.6404194871859715,idle
58240.0,10,1.4136146895834312,baseline
58260.0,8,0.9001061453910805,baseline
58290.0,4,-0.12691094299362085,baseline
58310.0,6,0.3865976011987298,baseline
58320.0,2,-0.6404194871859715,idle
58350.0,2,-0.6404194871859715,idle
58360.0,6,0.3865976011987298,baseline
58380.0,2,-0.6404194871859715,idle
58410.0,9,1.1568604174872559,baseline
58440.0,2,-0.6404194871859715,idle
58470.0,8,0.9001061453910805,baseline
58500.0,2,-0.6404194871859715,idle
58520.0,6,0.3865976011987298,baseline
58530.0,3,-0.3836652150897962,baseline
58560.0,2,-0.6404194871859715,idle
58570.0,6,0.3865976011987298,baseline
58590.0,2,-0.6404194871859715,idle
58620.0,8,0.9001061453910805,baseline
58650.0,3,-0.3836652150897962,baseline
58670.0,6,0.3865976011987298,baseline
58680.0,2,-0.6404194871859715,idle
58710.0,2,-0.6404194871859715,idle
58730.0,6,0.3865976011987298,baseline
58740.0,2,-0.6404194871859715,idle
58770.0,3,-0.3836652150897962,baseline
58780.0,6,0.3865976011987298,baseline
58800.0,2,-0.6404194871859715,idle
58830.0,8,0.9001061453910805,baseline
58860.0,2,-0.6404194871859715,idle
58880.0,6,0.3865976011987298,baseline
58890.0,3,-0.3836652150897962,baseline
58920.0,2,-0.6404194871859715,idle
58930.0,6,0.3865976011987298,baseline
58950.0,2,-0.6404194871859715,idle
58980.0,2,-0.6404194871859715,idle
58990.0,6,0.3865976011987298,baseline
59010.0,3,-0.3836652150897962,baseline
59040.0,8,0.9001061453910805,baseline
59070.0,2,-0.6404194871859715,idle
59090.0,6,0.3865976011987298,baseline
59100.0,2,-0.6404194871859715,idle
59130.0,3,-0.3836652150897962,baseline
59140.0,16,2.954140322160483,burst
59160.0,2,-0.6404194871859715,idle
59190.0,8,0.9001061453910805,baseline
59220.0,2,-0.6404194871859715,idle
59240.0,6,0.3865976011987298,baseline
59250.0,3,-0.3836652150897962,baseline
59280.0,2,-0.6404194871859715,idle
59300.0,6,0.3865976011987298,baseline
59310.0,2,-0.6404194871859715,idle
59340.0,2,-0.6404194871859715,idle
59350.0,6,0.3865976011987298,baseline
59370.0,3,-0.3836652150897962,baseline
59400.0,8,0.9001061453910805,baseline
59430.0,2,-0.6404194871859715,idle
59450.0,6,0.3865976011987298,baseline
59460.0,2,-0.6404194871859715,idle
59490.0,3,-0.3836652150897962,baseline
59510.0,6,0.3865976011987298,baseline
59520.0,2,-0.6404194871859715,idle
59550.0,2,-0.6404194871859715,idle
59560.0,6,0.3865976011987298,baseline
59580.0,2,-0.6404194871859715,idle
59610.0,9,1.1568604174872559,baseline
59640.0,2,-0.6404194871859715,idle
59660.0,6,0.3865976011987298,baseline
59670.0,2,-0.6404194871859715,idle
59700.0,2,-0.6404194871859715,idle
59710.0,6,0.3865976011987298,baseline
59730.0,3,-0.3836652150897962,baseline
59760.0,2,-0.6404194871859715,idle
59770.0,6,0.3865976011987298,baseline
59790.0,2,-0.6404194871859715,idle
59820.0,8,0.9001061453910805,baseline
59850.0,3,-0.3836652150897962,baseline
59870.0,6,0.3865976011987298,baseline
59880.0,2,-0.6404194871859715,idle
59910.0,2,-0.6404194871859715,idle
59920.0,6,0.3865976011987298,baseline
59940.0,2,-0.6404194871859715,idle
59970.0,9,1.1568604174872559,baseline
60000.0,2,-0.6404194871859715,idle
60020.0,6,0.3865976011987298,baseline
60030.0,2,-0.6404194871859715,idle
60040.0,10,1.4136146895834312,baseline
60060.0,2,-0.6404194871859715,idle
60080.0,6,0.3865976011987298,baseline
60090.0,3,-0.3836652150897962,baseline
60120.0,2,-0.6404194871859715,idle
60130.0,6,0.3865976011987298,baseline
60150.0,2,-0.6404194871859715,idle
60180.0,8,0.9001061453910805,baseline
60210.0,3,-0.3836652150897962,baseline
60230.0,6,0.3865976011987298,baseline
60240.0,2,-0.6404194871859715,idle
60270.0,2,-0.6404194871859715,idle
60280.0,8,0.9001061453910805,baseline
60300.0,2,-0.6404194871859715,idle
60330.0,9,1.1568604174872559,baseline
60360.0,2,-0.6404194871859715,idle
60380.0,6,0.3865976011987298,baseline
60390.0,2,-0.6404194871859715,idle
60420.0,2,-0.6404194871859715,idle
60440.0,6,0.3865976011987298,baseline
60450.0,3,-0.3836652150897962,baseline
60480.0,2,-0.6404194871859715,idle
60490.0,6,0.3865976011987298,baseline
60510.0,2,-0.6404194871859715,idle
60540.0,10,1.4136146895834312,baseline
60570.0,3,-0.3836652150897962,baseline
60590.0,6,0.3865976011987298,baseline
60600.0,2,-0.6404194871859715,idle
60630.0,2,-0.6404194871859715,idle
60640.0,6,0.3865976011987298,baseline
60660.0,2,-0.6404194871859715,idle
60690.0,3,-0.3836652150897962,baseline
60700.0,6,0.3865976011987298,baseline
60720.0,2,-0.6404194871859715,idle
60750.0,8,0.9001061453910805,baseline
60780.0,2,-0.6404194871859715,idle
60790.0,2,-0.6404194871859715,idle
60800.0,6,0.3865976011987298,baseline
60810.0,3,-0.3836652150897962,baseline
60840.0,2,-0.6404194871859715,idle
60850.0,6,0.3865976011987298,baseline
60870.0,2,-0.6404194871859715,idle
60900.0,8,0.9001061453910805,baseline
60920.0,34,7.575717219891639,burst
60930.0,3,-0.3836652150897962,baseline
60940.0,8,0.9001061453910805,baseline
60950.0,6,0.3865976011987298,baseline
60960.0,2,-0.6404194871859715,idle
60990.0,2,-0.6404194871859715,idle
61000.0,6,0.3865976011987298,baseline
61020.0,2,-0.6404194871859715,idle
61050.0,3,-0.3836652150897962,baseline
61060.0,6,0.3865976011987298,baseline
61080.0,2,-0.6404194871859715,idle
61110.0,8,0.9001061453910805,baseline
61140.0,2,-0.6404194871859715,idle
61160.0,6,0.3865976011987298,baseline
61170.0,3,-0.3836652150897962,baseline
61200.0,2,-0.6404194871859715,idle
61210.0,6,0.3865976011987298,baseline
61230.0,2,-0.6404194871859715,idle
61260.0,8,0.9001061453910805,baseline
61290.0,3,-0.3836652150897962,baseline
61320.0,8,0.9001061453910805,baseline
61350.0,2,-0.6404194871859715,idle
61370.0,6,0.3865976011987298,baseline
61380.0,4,-0.12691094299362085,baseline
61410.0,3,-0.3836652150897962,baseline
61420.0,6,0.3865976011987298,baseline
61440.0,2,-0.6404194871859715,idle
61470.0,8,0.9001061453910805,baseline
61500.0,2,-0.6404194871859715,idle
61530.0,9,1.1568604174872559,baseline
61560.0,2,-0.6404194871859715,idle
61580.0,6,0.3865976011987298,baseline
61590.0,2,-0.6404194871859715,idle
61620.0,2,-0.6404194871859715,idle
61630.0,6,0.3865976011987298,baseline
61650.0,3,-0.3836652150897962,baseline
61680.0,2,-0.6404194871859715,idle
61690.0,6,0.3865976011987298,baseline
61710.0,2,-0.6404194871859715,idle
61740.0,8,0.9001061453910805,baseline
61770.0,3,-0.3836652150897962,baseline
61790.0,6,0.3865976011987298,baseline
61800.0,2,-0.6404194871859715,idle
61830.0,2,-0.6404194871859715,idle
61840.0,16,2.954140322160483,burst
61860.0,2,-0.6404194871859715,idle
61890.0,9,1.1568604174872559,baseline
61920.0,2,-0.6404194871859715,idle
61950.0,8,0.9001061453910805,baseline
61980.0,2,-0.6404194871859715,idle
62000.0,6,0.3865976011987298,baseline
62010.0,3,-0.3836652150897962,baseline
62040.0,2,-0.6404194871859715,idle
62050.0,6,0.3865976011987298,baseline
62070.0,2,-0.6404194871859715,idle
62100.0,8,0.9001061453910805,baseline
62130.0,3,-0.3836652150897962,baseline
62150.0,6,0.3865976011987298,baseline
62160.0,2,-0.6404194871859715,idle
62190.0,2,-0.6404194871859715,idle
62210.0,6,0.3865976011987298,baseline
62220.0,2,-0.6404194871859715,idle
62250.0,3,-0.3836652150897962,baseline
62260.0,6,0.3865976011987298,baseline
62280.0,2,-0.6404194871859715,idle
62310.0,8,0.9001061453910805,baseline
62340.0,2,-0.6404194871859715,idle
62360.0,6,0.3865976011987298,baseline
62370.0,3,-0.3836652150897962,baseline
62400.0,2,-0.6404194871859715,idle
62410.0,6,0.3865976011987298,baseline
62430.0,2,-0.6404194871859715,idle
62460.0,2,-0.6404194871859715,idle
62470.0,6,0.3865976011987298,baseline
62490.0,3,-0.3836652150897962,baseline
62520.0,8,0.9001061453910805,baseline
62550.0,2,-0.6404194871859715,idle
62570.0,6,0.3865976011987298,baseline
62580.0,2,-0.6404194871859715,idle
62610.0,3,-0.3836652150897962,baseline
62620.0,6,0.3865976011987298,baseline
62640.0,2,-0.6404194871859715,idle
62670.0,8,0.9001061453910805,baseline
62700.0,2,-0.6404194871859715,idle
62720.0,6,0.3865976011987298,baseline
62730.0,3,-0.3836652150897962,baseline
62740.0,8,0.9001061453910805,baseline
62760.0,2,-0.6404194871859715,idle
62780.0,6,0.3865976011987298,baseline
62790.0,2,-0.6404194871859715,idle
62820.0,2,-0.6404194871859715,idle
62830.0,6,0.3865976011987298,baseline
62850.0,3,-0.3836652150897962,baseline
62880.0,8,0.9001061453910805,baseline
62910.0,2,-0.6404194871859715,idle
62930.0,6,0.3865976011987298,baseline
62940.0,2,-0.6404194871859715,idle
62970.0,3,-0.3836652150897962,baseline
62980.0,6,0.3865976011987298,baseline
63000.0,2,-0.6404194871859715,idle
63030.0,2,-0.6404194871859715,idle
63040.0,6,0.3865976011987298,baseline
63060.0,2,-0.6404194871859715,idle
63090.0,10,1.4136146895834312,baseline
63120.0,2,-0.6404194871859715,idle
63140.0,6,0.3865976011987298,baseline
63150.0,2,-0.6404194871859715,idle
63180.0,2,-0.6404194871859715,idle
63190.0,6,0.3865976011987298,baseline
63210.0,4,-0.12691094299362085,baseline
63240.0,8,0.9001061453910805,baseline
63270.0,2,-0.6404194871859715,idle
63300.0,8,0.9001061453910805,baseline
63330.0,3,-0.3836652150897962,baseline
63350.0,6,0.3865976011987298,baseline
63360.0,2,-0.6404194871859715,idle
63390.0,2,-0.6404194871859715,idle
63400.0,6,0.3865976011987298,baseline
63420.0,2,-0.6404194871859715,idle
63450.0,9,1.1568604174872559,baseline
63480.0,2,-0.6404194871859715,idle
63500.0,6,0.3865976011987298,baseline
63510.0,2,-0.6404194871859715,idle
63540.0,2,-0.6404194871859715,idle
63560.0,6,0.3865976011987298,baseline
63570.0,3,-0.3836652150897962,baseline
63600.0,2,-0.6404194871859715,idle
63610.0,6,0.3865976011987298,baseline
63630.0,2,-0.6404194871859715,idle
63640.0,8,0.9001061453910805,baseline
63660.0,8,0.9001061453910805,baseline
63690.0,3,-0.3836652150897962,baseline
63710.0,6,0.3865976011987298,baseline
63720.0,2,-0.6404194871859715,idle
63750.0,2,-0.6404194871859715,idle
63760.0,6,0.3865976011987298,baseline
63780.0,2,-0.6404194871859715,idle
63810.0,3,-0.3836652150897962,baseline
63820.0,6,0.3865976011987298,baseline
63840.0,2,-0.6404194871859715,idle
63870.0,8,0.9001061453910805,baseline
63900.0,2,-0.6404194871859715,idle
63920.0,6,0.3865976011987298,baseline
63930.0,3,-0.3836652150897962,baseline
63960.0,2,-0.6404194871859715,idle
63970.0,6,0.3865976011987298,baseline
63990.0,2,-0.6404194871859715,idle
64020.0,8,0.9001061453910805,baseline
64050.0,3,-0.3836652150897962,baseline
64080.0,8,0.9001061453910805,baseline
64110.0,2,-0.6404194871859715,idle
64130.0,6,0.3865976011987298,baseline
64140.0,2,-0.6404194871859715,idle
64170.0,3,-0.3836652150897962,baseline
64180.0,6,0.3865976011987298,baseline
64200.0,2,-0.6404194871859715,idle
64230.0,8,0.9001061453910805,baseline
64260.0,2,-0.6404194871859715,idle
64280.0,3,-0.3836652150897962,baseline
64290.0,6,0.3865976011987298,baseline
64320.0,2,-0.6404194871859715,idle
64340.0,6,0.3865976011987298,baseline
64350.0,2,-0.6404194871859715,idle
64380.0,2,-0.6404194871859715,idle
64390.0,6,0.3865976011987298,baseline
64410.0,3,-0.3836652150897962,baseline
64440.0,8,0.9001061453910805,baseline
64470.0,2,-0.6404194871859715,idle
64490.0,6,0.3865976011987298,baseline
64500.0,2,-0.6404194871859715,idle
64520.0,34,7.575717219891639,burst
64530.0,3,-0.3836652150897962,baseline
64540.0,12,1.9271232337757818,burst
64550.0,6,0.3865976011987298,baseline
64560.0,2,-0.6404194871859715,idle
64590.0,2,-0.6404194871859715,idle
64600.0,6,0.3865976011987298,baseline
64620.0,2,-0.6404194871859715,idle
64650.0,9,1.1568604174872559,baseline
64680.0,2,-0.6404194871859715,idle
64700.0,6,0.3865976011987298,baseline
64710.0,2,-0.6404194871859715,idle
64740.0,2,-0.6404194871859715,idle
64760.0,6,0.3865976011987298,baseline
64770.0,3,-0.3836652150897962,baseline
64800.0,4,-0.12691094299362085,baseline
64810.0,6,0.3865976011987298,baseline
64830.0,2,-0.6404194871859715,idle
64860.0,8,0.9001061453910805,baseline
64890.0,3,-0.3836652150897962,baseline
64910.0,6,0.3865976011987298,baseline
64920.0,2,-0.6404194871859715,idle
64950.0,2,-0.6404194871859715,idle
64960.0,6,0.3865976011987298,baseline
64980.0,2,-0.6404194871859715,idle
65010.0,9,1.1568604174872559,baseline
65040.0,4,-0.12691094299362085,baseline
65070.0,8,0.9001061453910805,baseline
65100.0,2,-0.6404194871859715,idle
65120.0,6,0.3865976011987298,baseline
65130.0,3,-0.3836652150897962,baseline
65160.0,2,-0.6404194871859715,idle
65170.0,6,0.3865976011987298,baseline
65190.0,2,-0.6404194871859715,idle
65220.0,2,-0.6404194871859715,idle
65230.0,6,0.3865976011987298,baseline
65250.0,3,-0.3836652150897962,baseline
65280.0,8,0.9001061453910805,baseline
65310.0,2,-0.6404194871859715,idle
65330.0,6,0.3865976011987298,baseline
65340.0,2,-0.6404194871859715,idle
65370.0,3,-0.3836652150897962,baseline
65380.0,6,0.3865976011987298,baseline
65400.0,2,-0.6404194871859715,idle
65430.0,8,0.9001061453910805,baseline
65440.0,9,1.1568604174872559,baseline
65460.0,2,-0.6404194871859715,idle
65490.0,9,1.1568604174872559,baseline
65520.0,2,-0.6404194871859715,idle
65540.0,6,0.3865976011987298,baseline
65550.0,2,-0.6404194871859715,idle
65580.0,3,-0.3836652150897962,baseline
65590.0,6,0.3865976011987298,baseline
65610.0,3,-0.3836652150897962,baseline
65640.0,8,0.9001061453910805,baseline
65670.0,2,-0.6404194871859715,idle
65690.0,6,0.3865976011987298,baseline
65700.0,2,-0.6404194871859715,idle
65730.0,3,-0.3836652150897962,baseline
65740.0,6,0.3865976011987298,baseline
65760.0,2,-0.6404194871859715,idle
65790.0,2,-0.6404194871859715,idle
65800.0,6,0.3865976011987298,baseline
65820.0,2,-0.6404194871859715,idle
65850.0,9,1.1568604174872559,baseline
65880.0,2,-0.6404194871859715,idle
65900.0,6,0.3865976011987298,baseline
65910.0,2,-0.6404194871859715,idle
65940.0,2,-0.6404194871859715,idle
65950.0,6,0.3865976011987298,baseline
65970.0,3,-0.3836652150897962,baseline
66000.0,8,0.9001061453910805,baseline
66030.0,2,-0.6404194871859715,idle
66060.0,8,0.9001061453910805,baseline
66090.0,4,-0.12691094299362085,baseline
66110.0,6,0.3865976011987298,baseline
66120.0,2,-0.6404194871859715,idle
66130.0,2,-0.6404194871859715,idle
66150.0,2,-0.6404194871859715,idle
66160.0,6,0.3865976011987298,baseline
66180.0,2,-0.6404194871859715,idle
66210.0,11,1.6703689616796065,burst
66240.0,2,-0.6404194871859715,idle
66270.0,8,0.9001061453910805,baseline
66300.0,2,-0.6404194871859715,idle
66320.0,6,0.3865976011987298,baseline
66330.0,3,-0.3836652150897962,baseline
66340.0,8,0.9001061453910805,baseline
66360.0,2,-0.6404194871859715,idle
66370.0,6,0.3865976011987298,baseline
66390.0,2,-0.6404194871859715,idle
66420.0,8,0.9001061453910805,baseline
66450.0,3,-0.3836652150897962,baseline
66470.0,6,0.3865976011987298,baseline
66480.0,2,-0.6404194871859715,idle
66510.0,2,-0.6404194871859715,idle
66520.0,6,0.3865976011987298,baseline
66540.0,2,-0.6404194871859715,idle
66570.0,5,0.12984332910255447,baseline
66580.0,4,-0.12691094299362085,baseline
66600.0,2,-0.6404194871859715,idle
66630.0,8,0.9001061453910805,baseline
66660.0,2,-0.6404194871859715,idle
66680.0,6,0.3865976011987298,baseline
66690.0,3,-0.3836652150897962,baseline
66720.0,2,-0.6404194871859715,idle
66730.0,6,0.3865976011987298,baseline
66750.0,2,-0.6404194871859715,idle
66780.0,8,0.9001061453910805,baseline
66810.0,3,-0.3836652150897962,baseline
66830.0,5,0.12984332910255447,baseline
66840.0,3,-0.3836652150897962,baseline
66870.0,2,-0.6404194871859715,idle
66890.0,6,0.3865976011987298,baseline
66900.0,2,-0.6404194871859715,idle
66930.0,3,-0.3836652150897962,baseline
66940.0,6,0.3865976011987298,baseline
66960.0,2,-0.6404194871859715,idle
66990.0,8,0.9001061453910805,baseline
67020.0,2,-0.6404194871859715,idle
67050.0,9,1.1568604174872559,baseline
67080.0,2,-0.6404194871859715,idle
67100.0,6,0.3865976011987298,baseline
67110.0,2,-0.6404194871859715,idle
67140.0,2,-0.6404194871859715,idle
67150.0,6,0.3865976011987298,baseline
67170.0,3,-0.3836652150897962,baseline
67200.0,8,0.9001061453910805,baseline
67230.0,2,-0.6404194871859715,idle
67240.0,8,0.9001061453910805,baseline
67260.0,8,0.9001061453910805,baseline
67290.0,3,-0.3836652150897962,baseline
67310.0,6,0.3865976011987298,baseline
67320.0,2,-0.6404194871859715,idle
67350.0,2,-0.6404194871859715,idle
67360.0,6,0.3865976011987298,baseline
67380.0,2,-0.6404194871859715,idle
67410.0,9,1.1568604174872559,baseline
67440.0,2,-0.6404194871859715,idle
67460.0,6,0.3865976011987298,baseline
67470.0,2,-0.6404194871859715,idle
67500.0,2,-0.6404194871859715,idle
67510.0,6,0.3865976011987298,baseline
67530.0,3,-0.3836652150897962,baseline
67560.0,2,-0.6404194871859715,idle
67570.0,6,0.3865976011987298,baseline
67590.0,2,-0.6404194871859715,idle
67620.0,8,0.9001061453910805,baseline
67650.0,3,-0.3836652150897962,baseline
67670.0,6,0.3865976011987298,baseline
67680.0,2,-0.6404194871859715,idle
67710.0,2,-0.6404194871859715,idle
67720.0,6,0.3865976011987298,baseline
67740.0,2,-0.6404194871859715,idle
67770.0,9,1.1568604174872559,baseline
67800.0,2,-0.6404194871859715,idle
67820.0,6,0.3865976011987298,baseline
67830.0,2,-0.6404194871859715,idle
67860.0,2,-0.6404194871859715,idle
67880.0,6,0.3865976011987298,baseline
67890.0,3,-0.3836652150897962,baseline
67920.0,2,-0.6404194871859715,idle
67930.0,6,0.3865976011987298,baseline
67950.0,2,-0.6404194871859715,idle
67980.0,8,0.9001061453910805,baseline
68010.0,3,-0.3836652150897962,baseline
68040.0,8,0.9001061453910805,baseline
68070.0,2,-0.6404194871859715,idle
68090.0,6,0.3865976011987298,baseline
68100.0,2,-0.6404194871859715,idle
68120.0,35,7.832471491987814,burst
68130.0,3,-0.3836652150897962,baseline
68140.0,16,2.954140322160483,burst
68160.0,2,-0.6404194871859715,idle
68190.0,8,0.9001061453910805,baseline
68220.0,2,-0.6404194871859715,idle
68240.0,6,0.3865976011987298,baseline
68250.0,3,-0.3836652150897962,baseline
68280.0,2,-0.6404194871859715,idle
68300.0,6,0.3865976011987298,baseline
68310.0,2,-0.6404194871859715,idle
68340.0,2,-0.6404194871859715,idle
68350.0,6,0.3865976011987298,baseline
68370.0,3,-0.3836652150897962,baseline
68400.0,8,0.9001061453910805,baseline
68430.0,2,-0.6404194871859715,idle
68450.0,6,0.3865976011987298,baseline
68460.0,2,-0.6404194871859715,idle
68490.0,3,-0.3836652150897962,baseline
68500.0,2,-0.6404194871859715,idle
68510.0,4,-0.12691094299362085,baseline
68520.0,2,-0.6404194871859715,idle
68550.0,2,-0.6404194871859715,idle
68560.0,6,0.3865976011987298,baseline
68580.0,2,-0.6404194871859715,idle
68610.0,9,1.1568604174872559,baseline
68640.0,2,-0.6404194871859715,idle
68660.0,6,0.3865976011987298,baseline
68670.0,2,-0.6404194871859715,idle
68700.0,2,-0.6404194871859715,idle
68710.0,6,0.3865976011987298,baseline
68730.0,3,-0.3836652150897962,baseline
68750.0,2,-0.6404194871859715,idle
68760.0,8,0.9001061453910805,baseline
68790.0,2,-0.6404194871859715,idle
68820.0,8,0.9001061453910805,baseline
68850.0,3,-0.3836652150897962,baseline
68870.0,6,0.3865976011987298,baseline
68880.0,2,-0.6404194871859715,idle
68910.0,2,-0.6404194871859715,idle
68920.0,6,0.3865976011987298,baseline
68940.0,2,-0.6404194871859715,idle
68970.0,9,1.1568604174872559,baseline
68980.0,2,-0.6404194871859715,idle
69000.0,2,-0.6404194871859715,idle
69020.0,6,0.3865976011987298,baseline
69030.0,2,-0.6404194871859715,idle
69040.0,8,0.9001061453910805,baseline
69060.0,2,-0.6404194871859715,idle
69080.0,6,0.3865976011987298,baseline
69090.0,3,-0.3836652150897962,baseline
69120.0,2,-0.6404194871859715,idle
69130.0,6,0.3865976011987298,baseline
69150.0,2,-0.6404194871859715,idle
69180.0,8,0.9001061453910805,baseline
69210.0,3,-0.3836652150897962,baseline
69230.0,8,0.9001061453910805,baseline
69240.0,2,-0.6404194871859715,idle
69270.0,2,-0.6404194871859715,idle
69280.0,6,0.3865976011987298,baseline
69300.0,2,-0.6404194871859715,idle
69330.0,9,1.1568604174872559,baseline
69360.0,2,-0.6404194871859715,idle
69390.0,8,0.9001061453910805,baseline
69420.0,2,-0.6404194871859715,idle
69440.0,6,0.3865976011987298,baseline
69450.0,3,-0.3836652150897962,baseline
69480.0,2,-0.6404194871859715,idle
69490.0,6,0.3865976011987298,baseline
69510.0,2,-0.6404194871859715,idle
69540.0,8,0.9001061453910805,baseline
69570.0,3,-0.3836652150897962,baseline
69600.0,8,0.9001061453910805,baseline
69630.0,2,-0.6404194871859715,idle
69650.0,6,0.3865976011987298,baseline
69660.0,2,-0.6404194871859715,idle
69690.0,3,-0.3836652150897962,baseline
69700.0,6,0.3865976011987298,baseline
69720.0,2,-0.6404194871859715,idle
69750.0,8,0.9001061453910805,baseline
69780.0,2,-0.6404194871859715,idle
69800.0,6,0.3865976011987298,baseline
69810.0,3,-0.3836652150897962,baseline
69840.0,2,-0.6404194871859715,idle
69850.0,6,0.3865976011987298,baseline
69870.0,2,-0.6404194871859715,idle
69900.0,8,0.9001061453910805,baseline
69930.0,3,-0.3836652150897962,baseline
69940.0,9,1.1568604174872559,baseline
69960.0,8,0.9001061453910805,baseline
69990.0,2,-0.6404194871859715,idle
70010.0,6,0.3865976011987298,baseline
70020.0,2,-0.6404194871859715,idle
70050.0,3,-0.3836652150897962,baseline
70060.0,6,0.3865976011987298,baseline
70080.0,2,-0.6404194871859715,idle
70110.0,8,0.9001061453910805,baseline
70140.0,2,-0.6404194871859715,idle
70170.0,9,1.1568604174872559,baseline
70200.0,2,-0.6404194871859715,idle
70220.0,6,0.3865976011987298,baseline
70230.0,2,-0.6404194871859715,idle
70260.0,2,-0.6404194871859715,idle
70270.0,6,0.3865976011987298,baseline
70280.0,2,-0.6404194871859715,idle
70290.0,3,-0.3836652150897962,baseline
70320.0,8,0.9001061453910805,baseline
70350.0,2,-0.6404194871859715,idle
70380.0,8,0.9001061453910805,baseline
70410.0,3,-0.3836652150897962,baseline
70430.0,6,0.3865976011987298,baseline
70440.0,2,-0.6404194871859715,idle
70470.0,2,-0.6404194871859715,idle
70480.0,6,0.3865976011987298,baseline
70500.0,2,-0.6404194871859715,idle
70530.0,9,1.1568604174872559,baseline
70560.0,2,-0.6404194871859715,idle
70580.0,6,0.3865976011987298,baseline
70590.0,2,-0.6404194871859715,idle
70620.0,2,-0.6404194871859715,idle
70640.0,6,0.3865976011987298,baseline
70650.0,3,-0.3836652150897962,baseline
70680.0,2,-0.6404194871859715,idle
70690.0,6,0.3865976011987298,baseline
70710.0,2,-0.6404194871859715,idle
70740.0,8,0.9001061453910805,baseline
70770.0,3,-0.3836652150897962,baseline
70790.0,6,0.3865976011987298,baseline
70800.0,2,-0.6404194871859715,idle
70830.0,2,-0.6404194871859715,idle
70840.0,14,2.4406317779681324,burst
70860.0,2,-0.6404194871859715,idle
70890.0,3,-0.3836652150897962,baseline
70900.0,6,0.3865976011987298,baseline
70920.0,2,-0.6404194871859715,idle
70950.0,8,0.9001061453910805,baseline
70980.0,2,-0.6404194871859715,idle
71000.0,6,0.3865976011987298,baseline
71010.0,3,-0.3836652150897962,baseline
71040.0,2,-0.6404194871859715,idle
71050.0,6,0.3865976011987298,baseline
71070.0,2,-0.6404194871859715,idle
71100.0,2,-0.6404194871859715,idle
71110.0,6,0.3865976011987298,baseline
71130.0,3,-0.3836652150897962,baseline
71160.0,8,0.9001061453910805,baseline
71190.0,2,-0.6404194871859715,idle
71210.0,6,0.3865976011987298,baseline
71220.0,2,-0.6404194871859715,idle
71250.0,3,-0.3836652150897962,baseline
71260.0,6,0.3865976011987298,baseline
71280.0,2,-0.6404194871859715,idle
71310.0,8,0.9001061453910805,baseline
71340.0,2,-0.6404194871859715,idle
71360.0,2,-0.6404194871859715,idle
71370.0,7,0.6433518732949052,baseline
71400.0,2,-0.6404194871859715,idle
71420.0,6,0.3865976011987298,baseline
71430.0,2,-0.6404194871859715,idle
71460.0,2,-0.6404194871859715,idle
71470.0,6,0.3865976011987298,baseline
71490.0,3,-0.3836652150897962,baseline
71520.0,8,0.9001061453910805,baseline
71550.0,2,-0.6404194871859715,idle
71580.0,8,0.9001061453910805,baseline
71610.0,3,-0.3836652150897962,baseline
71630.0,6,0.3865976011987298,baseline
71640.0,2,-0.6404194871859715,idle
71670.0,2,-0.6404194871859715,idle
71680.0,6,0.3865976011987298,baseline
71700.0,4,-0.12691094299362085,baseline
71720.0,84,20.413430824700406,burst
71730.0,44,10.143259940853394,burst
71740.0,8,0.9001061453910805,baseline
71760.0,2,-0.6404194871859715,idle
71780.0,6,0.3865976011987298,baseline
71790.0,2,-0.6404194871859715,idle
71820.0,2,-0.6404194871859715,idle
71840.0,6,0.3865976011987298,baseline
71850.0,3,-0.3836652150897962,baseline
71880.0,2,-0.6404194871859715,idle
71890.0,6,0.3865976011987298,baseline
71910.0,2,-0.6404194871859715,idle
71940.0,8,0.9001061453910805,baseline
71970.0,3,-0.3836652150897962,baseline
71990.0,6,0.3865976011987298,baseline
72000.0,2,-0.6404194871859715,idle
72030.0,2,-0.6404194871859715,idle
72040.0,6,0.3865976011987298,baseline
72060.0,2,-0.6404194871859715,idle
72090.0,3,-0.3836652150897962,baseline
72100.0,6,0.3865976011987298,baseline
72120.0,2,-0.6404194871859715,idle
72150.0,8,0.9001061453910805,baseline
72180.0,2,-0.6404194871859715,idle
72200.0,6,0.3865976011987298,baseline
72210.0,3,-0.3836652150897962,baseline
72240.0,2,-0.6404194871859715,idle
72250.0,6,0.3865976011987298,baseline
72270.0,2,-0.6404194871859715,idle
72300.0,8,0.9001061453910805,baseline
72330.0,3,-0.3836652150897962,baseline
72350.0,6,0.3865976011987298,baseline
72360.0,2,-0.6404194871859715,idle
72390.0,2,-0.6404194871859715,idle
72410.0,6,0.3865976011987298,baseline
72420.0,2,-0.6404194871859715,idle
72450.0,3,-0.3836652150897962,baseline
72460.0,6,0.3865976011987298,baseline
72480.0,2,-0.6404194871859715,idle
72510.0,8,0.9001061453910805,baseline
72540.0,2,-0.6404194871859715,idle
72560.0,6,0.3865976011987298,baseline
72570.0,3,-0.3836652150897962,baseline
72600.0,2,-0.6404194871859715,idle
72620.0,6,0.3865976011987298,baseline
72630.0,2,-0.6404194871859715,idle
72640.0,10,1.4136146895834312,baseline
72660.0,2,-0.6404194871859715,idle
72670.0,6,0.3865976011987298,baseline
72690.0,4,-0.12691094299362085,baseline
72720.0,8,0.9001061453910805,baseline
72750.0,2,-0.6404194871859715,idle
72770.0,6,0.3865976011987298,baseline
72780.0,2,-0.6404194871859715,idle
72810.0,5,0.12984332910255447,baseline
72820.0,6,0.3865976011987298,baseline
72840.0,2,-0.6404194871859715,idle
72870.0,2,-0.6404194871859715,idle
72880.0,6,0.3865976011987298,baseline
72900.0,2,-0.6404194871859715,idle
72930.0,9,1.1568604174872559,baseline
72960.0,4,-0.12691094299362085,baseline
72980.0,6,0.3865976011987298,baseline
72990.0,2,-0.6404194871859715,idle
73020.0,2,-0.6404194871859715,idle
73030.0,6,0.3865976011987298,baseline
73050.0,3,-0.3836652150897962,baseline
73080.0,8,0.9001061453910805,baseline
73110.0,2,-0.6404194871859715,idle
73140.0,8,0.9001061453910805,baseline
73170.0,5,0.12984332910255447,baseline
73190.0,6,0.3865976011987298,baseline
73200.0,2,-0.6404194871859715,idle
73230.0,2,-0.6404194871859715,idle
73240.0,6,0.3865976011987298,baseline
73260.0,2,-0.6404194871859715,idle
73290.0,3,-0.3836652150897962,baseline
73300.0,6,0.3865976011987298,baseline
73320.0,2,-0.6404194871859715,idle
73350.0,8,0.9001061453910805,baseline
73380.0,2,-0.6404194871859715,idle
73400.0,6,0.3865976011987298,baseline
73410.0,3,-0.3836652150897962,baseline
73440.0,2,-0.6404194871859715,idle
73450.0,6,0.3865976011987298,baseline
73470.0,2,-0.6404194871859715,idle
73480.0,2,-0.6404194871859715,idle
73500.0,8,0.9001061453910805,baseline
73530.0,3,-0.3836652150897962,baseline
73540.0,8,0.9001061453910805,baseline
73560.0,8,0.9001061453910805,baseline
73590.0,2,-0.6404194871859715,idle
73610.0,6,0.3865976011987298,baseline
73620.0,2,-0.6404194871859715,idle
73650.0,3,-0.3836652150897962,baseline
73660.0,6,0.3865976011987298,baseline
73680.0,2,-0.6404194871859715,idle
73710.0,8,0.9001061453910805,baseline
73740.0,2,-0.6404194871859715,idle
73760.0,6,0.3865976011987298,baseline
73770.0,3,-0.3836652150897962,baseline
73800.0,2,-0.6404194871859715,idle
73810.0,6,0.3865976011987298,baseline
73830.0,2,-0.6404194871859715,idle
73860.0,2,-0.6404194871859715,idle
73870.0,6,0.3865976011987298,baseline
73890.0,3,-0.3836652150897962,baseline
73920.0,8,0.9001061453910805,baseline
73950.0,2,-0.6404194871859715,idle
73970.0,6,0.3865976011987298,baseline
73980.0,2,-0.6404194871859715,idle
74010.0,3,-0.3836652150897962,baseline
74020.0,6,0.3865976011987298,baseline
74040.0,2,-0.6404194871859715,idle
74070.0,8,0.9001061453910805,baseline
74100.0,2,-0.6404194871859715,idle
74130.0,9,1.1568604174872559,baseline
74160.0,2,-0.6404194871859715,idle
74180.0,6,0.3865976011987298,baseline
74190.0,2,-0.6404194871859715,idle
74220.0,2,-0.6404194871859715,idle
74230.0,6,0.3865976011987298,baseline
74250.0,3,-0.3836652150897962,baseline
74280.0,8,0.9001061453910805,baseline
74310.0,2,-0.6404194871859715,idle
74340.0,8,0.9001061453910805,baseline
74370.0,3,-0.3836652150897962,baseline
74390.0,6,0.3865976011987298,baseline
74400.0,2,-0.6404194871859715,idle
74430.0,2,-0.6404194871859715,idle
74440.0,14,2.4406317779681324,burst
74460.0,2,-0.6404194871859715,idle
74490.0,9,1.1568604174872559,baseline
74520.0,2,-0.6404194871859715,idle
74540.0,6,0.3865976011987298,baseline
74550.0,4,-0.12691094299362085,baseline
74580.0,2,-0.6404194871859715,idle
74590.0,1,-0.8971737592821468,idle
74600.0,5,0.12984332910255447,baseline
74610.0,3,-0.3836652150897962,baseline
74640.0,2,-0.6404194871859715,idle
74650.0,6,0.3865976011987298,baseline
74670.0,2,-0.6404194871859715,idle
74700.0,8,0.9001061453910805,baseline
74730.0,3,-0.3836652150897962,baseline
74750.0,6,0.3865976011987298,baseline
74760.0,2,-0.6404194871859715,idle
74790.0,2,-0.6404194871859715,idle
74800.0,6,0.3865976011987298,baseline
74820.0,2,-0.6404194871859715,idle
74850.0,4,-0.12691094299362085,baseline
74860.0,6,0.3865976011987298,baseline
74880.0,2,-0.6404194871859715,idle
74910.0,8,0.9001061453910805,baseline
74940.0,2,-0.6404194871859715,idle
74960.0,6,0.3865976011987298,baseline
74970.0,4,-0.12691094299362085,baseline
75000.0,2,-0.6404194871859715,idle
75010.0,6,0.3865976011987298,baseline
75030.0,2,-0.6404194871859715,idle
75060.0,8,0.9001061453910805,baseline
75090.0,3,-0.3836652150897962,baseline
75110.0,6,0.3865976011987298,baseline
75120.0,2,-0.6404194871859715,idle
75150.0,2,-0.6404194871859715,idle
75160.0,2,-0.6404194871859715,idle
75170.0,4,-0.12691094299362085,baseline
75180.0,2,-0.6404194871859715,idle
75210.0,3,-0.3836652150897962,baseline
75220.0,6,0.3865976011987298,baseline
75240.0,2,-0.6404194871859715,idle
75270.0,8,0.9001061453910805,baseline
75300.0,2,-0.6404194871859715,idle
75320.0,39,8.859488580372517,burst
75330.0,3,-0.3836652150897962,baseline
75340.0,10,1.4136146895834312,baseline
75360.0,2,-0.6404194871859715,idle
75370.0,6,0.3865976011987298,baseline
75390.0,2,-0.6404194871859715,idle
75420.0,2,-0.6404194871859715,idle
75430.0,6,0.3865976011987298,baseline
75450.0,3,-0.3836652150897962,baseline
75480.0,8,0.9001061453910805,baseline
75510.0,2,-0.6404194871859715,idle
75530.0,6,0.3865976011987298,baseline
75540.0,2,-0.6404194871859715,idle
75570.0,3,-0.3836652150897962,baseline
75580.0,6,0.3865976011987298,baseline
75600.0,2,-0.6404194871859715,idle
75630.0,8,0.9001061453910805,baseline
75660.0,2,-0.6404194871859715,idle
75680.0,6,0.3865976011987298,baseline
75690.0,3,-0.3836652150897962,baseline
75720.0,2,-0.6404194871859715,idle
75730.0,6,0.3865976011987298,baseline
75750.0,2,-0.6404194871859715,idle
75780.0,8,0.9001061453910805,baseline
75810.0,3,-0.3836652150897962,baseline
75840.0,8,0.9001061453910805,baseline
75870.0,2,-0.6404194871859715,idle
75890.0,6,0.3865976011987298,baseline
75900.0,2,-0.6404194871859715,idle
75930.0,3,-0.3836652150897962,baseline
75940.0,6,0.3865976011987298,baseline
75960.0,2,-0.6404194871859715,idle
75990.0,2,-0.6404194871859715,idle
76000.0,6,0.3865976011987298,baseline
76020.0,2,-0.6404194871859715,idle
76050.0,9,1.1568604174872559,baseline
76080.0,2,-0.6404194871859715,idle
76100.0,6,0.3865976011987298,baseline
76110.0,2,-0.6404194871859715,idle
76140.0,2,-0.6404194871859715,idle
76150.0,6,0.3865976011987298,baseline
76170.0,3,-0.3836652150897962,baseline
76200.0,8,0.9001061453910805,baseline
76230.0,2,-0.6404194871859715,idle
76240.0,8,0.9001061453910805,baseline
76260.0,8,0.9001061453910805,baseline
76290.0,3,-0.3836652150897962,baseline
76310.0,6,0.3865976011987298,baseline
76320.0,2,-0.6404194871859715,idle
76340.0,48,11.170277029238095,burst
76350.0,21,4.23791168264136,burst
76360.0,6,0.3865976011987298,baseline
76380.0,2,-0.6404194871859715,idle
76410.0,11,1.6703689616796065,burst
76440.0,2,-0.6404194871859715,idle
76460.0,6,0.3865976011987298,baseline
76470.0,4,-0.12691094299362085,baseline
76500.0,2,-0.6404194871859715,idle
76520.0,6,0.3865976011987298,baseline
76530.0,3,-0.3836652150897962,baseline
76560.0,2,-0.6404194871859715,idle
76570.0,6,0.3865976011987298,baseline
76590.0,2,-0.6404194871859715,idle
76620.0,8,0.9001061453910805,baseline
76650.0,3,-0.3836652150897962,baseline
76670.0,6,0.3865976011987298,baseline
76680.0,2,-0.6404194871859715,idle
76710.0,2,-0.6404194871859715,idle
76720.0,6,0.3865976011987298,baseline
76740.0,2,-0.6404194871859715,idle
76770.0,3,-0.3836652150897962,baseline
76780.0,6,0.3865976011987298,baseline
76800.0,2,-0.6404194871859715,idle
76830.0,8,0.9001061453910805,baseline
76860.0,2,-0.6404194871859715,idle
76880.0,6,0.3865976011987298,baseline
76890.0,3,-0.3836652150897962,baseline
76920.0,2,-0.6404194871859715,idle
76930.0,6,0.3865976011987298,baseline
76950.0,2,-0.6404194871859715,idle
76980.0,8,0.9001061453910805,baseline
77010.0,3,-0.3836652150897962,baseline
77030.0,6,0.3865976011987298,baseline
77040.0,2,-0.6404194871859715,idle
77070.0,2,-0.6404194871859715,idle
77080.0,6,0.3865976011987298,baseline
77100.0,2,-0.6404194871859715,idle
77130.0,9,1.1568604174872559,baseline
77140.0,8,0.9001061453910805,baseline
77160.0,2,-0.6404194871859715,idle
77190.0,8,0.9001061453910805,baseline
77220.0,2,-0.6404194871859715,idle
77230.0,2,-0.6404194871859715,idle
77240.0,6,0.3865976011987298,baseline
77250.0,3,-0.3836652150897962,baseline
77280.0,2,-0.6404194871859715,idle
77290.0,6,0.3865976011987298,baseline
77310.0,2,-0.6404194871859715,idle
77340.0,2,-0.6404194871859715,idle
77350.0,6,0.3865976011987298,baseline
77370.0,3,-0.3836652150897962,baseline
77400.0,8,0.9001061453910805,baseline
77430.0,2,-0.6404194871859715,idle
77450.0,8,0.9001061453910805,baseline
77460.0,2,-0.6404194871859715,idle
77490.0,3,-0.3836652150897962,baseline
77500.0,6,0.3865976011987298,baseline
77520.0,2,-0.6404194871859715,idle
77550.0,8,0.9001061453910805,baseline
77580.0,2,-0.6404194871859715,idle
77610.0,9,1.1568604174872559,baseline
77640.0,2,-0.6404194871859715,idle
77660.0,6,0.3865976011987298,baseline
77670.0,2,-0.6404194871859715,idle
77700.0,2,-0.6404194871859715,idle
77710.0,6,0.3865976011987298,baseline
77730.0,3,-0.3836652150897962,baseline
77760.0,10,1.4136146895834312,baseline
77790.0,2,-0.6404194871859715,idle
77820.0,8,0.9001061453910805,baseline
77850.0,3,-0.3836652150897962,baseline
77870.0,6,0.3865976011987298,baseline
77880.0,2,-0.6404194871859715,idle
77910.0,2,-0.6404194871859715,idle
77920.0,6,0.3865976011987298,baseline
77940.0,2,-0.6404194871859715,idle
77970.0,9,1.1568604174872559,baseline
78000.0,2,-0.6404194871859715,idle
78020.0,6,0.3865976011987298,baseline
78030.0,2,-0.6404194871859715,idle
78040.0,8,0.9001061453910805,baseline
78060.0,2,-0.6404194871859715,idle
78070.0,6,0.3865976011987298,baseline
78090.0,3,-0.3836652150897962,baseline
78120.0,2,-0.6404194871859715,idle
78130.0,6,0.3865976011987298,baseline
78150.0,2,-0.6404194871859715,idle
78180.0,8,0.9001061453910805,baseline
78210.0,3,-0.3836652150897962,baseline
78230.0,6,0.3865976011987298,baseline
78240.0,2,-0.6404194871859715,idle
78270.0,2,-0.6404194871859715,idle
78280.0,6,0.3865976011987298,baseline
78300.0,2,-0.6404194871859715,idle
78330.0,3,-0.3836652150897962,baseline
78340.0,6,0.3865976011987298,baseline
78360.0,2,-0.6404194871859715,idle
78390.0,8,0.9001061453910805,baseline
78420.0,2,-0.6404194871859715,idle
78440.0,6,0.3865976011987298,baseline
78450.0,3,-0.3836652150897962,baseline
78480.0,2,-0.6404194871859715,idle
78490.0,6,0.3865976011987298,baseline
78510.0,2,-0.6404194871859715,idle
78540.0,2,-0.6404194871859715,idle
78550.0,6,0.3865976011987298,baseline
78570.0,3,-0.3836652150897962,baseline
78600.0,8,0.9001061453910805,baseline
78630.0,2,-0.6404194871859715,idle
78650.0,6,0.3865976011987298,baseline
78660.0,2,-0.6404194871859715,idle
78690.0,3,-0.3836652150897962,baseline
78700.0,8,0.9001061453910805,baseline
78720.0,2,-0.6404194871859715,idle
78750.0,8,0.9001061453910805,baseline
78780.0,2,-0.6404194871859715,idle
78810.0,9,1.1568604174872559,baseline
78840.0,2,-0.6404194871859715,idle
